/**********************************************
***********************************************
=================== ACCOUNTS ==================
***********************************************
**********************************************/
/* User Accounts */
insert into accounts (id, email, salt, hash, firstName, lastName) values (default, 'japhale0@si.edu', 'salty', '62c46d08e871406e852bf666f32dccfe2f0e962a5f1c052eeaeb3b49f804a427a06208fdfe842cac8055d8510db3a037e472f2d82e26cf68a6570e4c5f16627ce9e9bc3b99fc17b0c9d4fb18d067d2e3ab3335902628c6ae4e0ade0f7c75ebb666cd78632995d4dc9e6244693dcc2b75be0cc2f0bcfb9a934709cae74c543f57c9f7bc47511d6792729dda73379046c763f5ac6d5935f9347e8651c83adb76068929b5bc6dcc16e658d6f6075e2d53c1059955f052b90b4fc89837ff3fd82e024106f42c07f738143683f866ea73bc8ad9eb54f249205eea602389a4c626c72bc107febaeeae545f685dcfd21ca77acaa5aa0879472f1ce9153f044cb5d630157327bd74f39de7b98ffb4847dcbaa1fa4f23201e72bc5b34ad47d1fe1a56e1fc249664deb02d77bdc2d02e4e7d77889f3f8c66961a1d0d84ace4511e3d21c86a45052e9f0bbeb52fb053217d6ad5caec3f884e78abd9559bf073a7991d19997fa584435a72e1cc973a23c4c785ccaefaef1ffe69e6b2d1a42f55e6d411a721dd3416581bf5ff73a9b6a30c865632691b06dc6b317c01082cd2a6a1cd2fce53a95722af80a53a55f29683e432215898075e55ae180ca65a634d706050d3282703caf129177b175ac59d64c012c0f4058263e750533a7316839ab93d471b0dd11dff19c37e34c8085be6a19ff99a838561e5532d10fd8400a5ceba3d148ef84bb8', 'Jarret', 'Aphale');
insert into accounts (id, email, salt, hash, firstName, lastName) values (default, 'cblogg1@vistaprint.com', 'salty', '62c46d08e871406e852bf666f32dccfe2f0e962a5f1c052eeaeb3b49f804a427a06208fdfe842cac8055d8510db3a037e472f2d82e26cf68a6570e4c5f16627ce9e9bc3b99fc17b0c9d4fb18d067d2e3ab3335902628c6ae4e0ade0f7c75ebb666cd78632995d4dc9e6244693dcc2b75be0cc2f0bcfb9a934709cae74c543f57c9f7bc47511d6792729dda73379046c763f5ac6d5935f9347e8651c83adb76068929b5bc6dcc16e658d6f6075e2d53c1059955f052b90b4fc89837ff3fd82e024106f42c07f738143683f866ea73bc8ad9eb54f249205eea602389a4c626c72bc107febaeeae545f685dcfd21ca77acaa5aa0879472f1ce9153f044cb5d630157327bd74f39de7b98ffb4847dcbaa1fa4f23201e72bc5b34ad47d1fe1a56e1fc249664deb02d77bdc2d02e4e7d77889f3f8c66961a1d0d84ace4511e3d21c86a45052e9f0bbeb52fb053217d6ad5caec3f884e78abd9559bf073a7991d19997fa584435a72e1cc973a23c4c785ccaefaef1ffe69e6b2d1a42f55e6d411a721dd3416581bf5ff73a9b6a30c865632691b06dc6b317c01082cd2a6a1cd2fce53a95722af80a53a55f29683e432215898075e55ae180ca65a634d706050d3282703caf129177b175ac59d64c012c0f4058263e750533a7316839ab93d471b0dd11dff19c37e34c8085be6a19ff99a838561e5532d10fd8400a5ceba3d148ef84bb8', 'Caitrin', 'Blogg');
insert into accounts (id, email, salt, hash, firstName, lastName) values (default, 'lberick2@pagesperso-orange.fr', 'salty', '62c46d08e871406e852bf666f32dccfe2f0e962a5f1c052eeaeb3b49f804a427a06208fdfe842cac8055d8510db3a037e472f2d82e26cf68a6570e4c5f16627ce9e9bc3b99fc17b0c9d4fb18d067d2e3ab3335902628c6ae4e0ade0f7c75ebb666cd78632995d4dc9e6244693dcc2b75be0cc2f0bcfb9a934709cae74c543f57c9f7bc47511d6792729dda73379046c763f5ac6d5935f9347e8651c83adb76068929b5bc6dcc16e658d6f6075e2d53c1059955f052b90b4fc89837ff3fd82e024106f42c07f738143683f866ea73bc8ad9eb54f249205eea602389a4c626c72bc107febaeeae545f685dcfd21ca77acaa5aa0879472f1ce9153f044cb5d630157327bd74f39de7b98ffb4847dcbaa1fa4f23201e72bc5b34ad47d1fe1a56e1fc249664deb02d77bdc2d02e4e7d77889f3f8c66961a1d0d84ace4511e3d21c86a45052e9f0bbeb52fb053217d6ad5caec3f884e78abd9559bf073a7991d19997fa584435a72e1cc973a23c4c785ccaefaef1ffe69e6b2d1a42f55e6d411a721dd3416581bf5ff73a9b6a30c865632691b06dc6b317c01082cd2a6a1cd2fce53a95722af80a53a55f29683e432215898075e55ae180ca65a634d706050d3282703caf129177b175ac59d64c012c0f4058263e750533a7316839ab93d471b0dd11dff19c37e34c8085be6a19ff99a838561e5532d10fd8400a5ceba3d148ef84bb8', 'Lorine', 'Berick');
insert into accounts (id, email, salt, hash, firstName, lastName) values (default, 'ntupling3@netlog.com', 'salty', '62c46d08e871406e852bf666f32dccfe2f0e962a5f1c052eeaeb3b49f804a427a06208fdfe842cac8055d8510db3a037e472f2d82e26cf68a6570e4c5f16627ce9e9bc3b99fc17b0c9d4fb18d067d2e3ab3335902628c6ae4e0ade0f7c75ebb666cd78632995d4dc9e6244693dcc2b75be0cc2f0bcfb9a934709cae74c543f57c9f7bc47511d6792729dda73379046c763f5ac6d5935f9347e8651c83adb76068929b5bc6dcc16e658d6f6075e2d53c1059955f052b90b4fc89837ff3fd82e024106f42c07f738143683f866ea73bc8ad9eb54f249205eea602389a4c626c72bc107febaeeae545f685dcfd21ca77acaa5aa0879472f1ce9153f044cb5d630157327bd74f39de7b98ffb4847dcbaa1fa4f23201e72bc5b34ad47d1fe1a56e1fc249664deb02d77bdc2d02e4e7d77889f3f8c66961a1d0d84ace4511e3d21c86a45052e9f0bbeb52fb053217d6ad5caec3f884e78abd9559bf073a7991d19997fa584435a72e1cc973a23c4c785ccaefaef1ffe69e6b2d1a42f55e6d411a721dd3416581bf5ff73a9b6a30c865632691b06dc6b317c01082cd2a6a1cd2fce53a95722af80a53a55f29683e432215898075e55ae180ca65a634d706050d3282703caf129177b175ac59d64c012c0f4058263e750533a7316839ab93d471b0dd11dff19c37e34c8085be6a19ff99a838561e5532d10fd8400a5ceba3d148ef84bb8', 'Natalina', 'Tupling');
insert into accounts (id, email, salt, hash, firstName, lastName) values (default, 'zollin4@nifty.com', 'salty', '62c46d08e871406e852bf666f32dccfe2f0e962a5f1c052eeaeb3b49f804a427a06208fdfe842cac8055d8510db3a037e472f2d82e26cf68a6570e4c5f16627ce9e9bc3b99fc17b0c9d4fb18d067d2e3ab3335902628c6ae4e0ade0f7c75ebb666cd78632995d4dc9e6244693dcc2b75be0cc2f0bcfb9a934709cae74c543f57c9f7bc47511d6792729dda73379046c763f5ac6d5935f9347e8651c83adb76068929b5bc6dcc16e658d6f6075e2d53c1059955f052b90b4fc89837ff3fd82e024106f42c07f738143683f866ea73bc8ad9eb54f249205eea602389a4c626c72bc107febaeeae545f685dcfd21ca77acaa5aa0879472f1ce9153f044cb5d630157327bd74f39de7b98ffb4847dcbaa1fa4f23201e72bc5b34ad47d1fe1a56e1fc249664deb02d77bdc2d02e4e7d77889f3f8c66961a1d0d84ace4511e3d21c86a45052e9f0bbeb52fb053217d6ad5caec3f884e78abd9559bf073a7991d19997fa584435a72e1cc973a23c4c785ccaefaef1ffe69e6b2d1a42f55e6d411a721dd3416581bf5ff73a9b6a30c865632691b06dc6b317c01082cd2a6a1cd2fce53a95722af80a53a55f29683e432215898075e55ae180ca65a634d706050d3282703caf129177b175ac59d64c012c0f4058263e750533a7316839ab93d471b0dd11dff19c37e34c8085be6a19ff99a838561e5532d10fd8400a5ceba3d148ef84bb8', 'Zuzana', 'Ollin');
insert into accounts (id, email, salt, hash, firstName, lastName) values (default, 'dkinnerk5@tripod.com', 'salty', '62c46d08e871406e852bf666f32dccfe2f0e962a5f1c052eeaeb3b49f804a427a06208fdfe842cac8055d8510db3a037e472f2d82e26cf68a6570e4c5f16627ce9e9bc3b99fc17b0c9d4fb18d067d2e3ab3335902628c6ae4e0ade0f7c75ebb666cd78632995d4dc9e6244693dcc2b75be0cc2f0bcfb9a934709cae74c543f57c9f7bc47511d6792729dda73379046c763f5ac6d5935f9347e8651c83adb76068929b5bc6dcc16e658d6f6075e2d53c1059955f052b90b4fc89837ff3fd82e024106f42c07f738143683f866ea73bc8ad9eb54f249205eea602389a4c626c72bc107febaeeae545f685dcfd21ca77acaa5aa0879472f1ce9153f044cb5d630157327bd74f39de7b98ffb4847dcbaa1fa4f23201e72bc5b34ad47d1fe1a56e1fc249664deb02d77bdc2d02e4e7d77889f3f8c66961a1d0d84ace4511e3d21c86a45052e9f0bbeb52fb053217d6ad5caec3f884e78abd9559bf073a7991d19997fa584435a72e1cc973a23c4c785ccaefaef1ffe69e6b2d1a42f55e6d411a721dd3416581bf5ff73a9b6a30c865632691b06dc6b317c01082cd2a6a1cd2fce53a95722af80a53a55f29683e432215898075e55ae180ca65a634d706050d3282703caf129177b175ac59d64c012c0f4058263e750533a7316839ab93d471b0dd11dff19c37e34c8085be6a19ff99a838561e5532d10fd8400a5ceba3d148ef84bb8', 'Dianne', 'Kinnerk');
insert into accounts (id, email, salt, hash, firstName, lastName) values (default, 'vbulleyn6@wikipedia.org', 'salty', '62c46d08e871406e852bf666f32dccfe2f0e962a5f1c052eeaeb3b49f804a427a06208fdfe842cac8055d8510db3a037e472f2d82e26cf68a6570e4c5f16627ce9e9bc3b99fc17b0c9d4fb18d067d2e3ab3335902628c6ae4e0ade0f7c75ebb666cd78632995d4dc9e6244693dcc2b75be0cc2f0bcfb9a934709cae74c543f57c9f7bc47511d6792729dda73379046c763f5ac6d5935f9347e8651c83adb76068929b5bc6dcc16e658d6f6075e2d53c1059955f052b90b4fc89837ff3fd82e024106f42c07f738143683f866ea73bc8ad9eb54f249205eea602389a4c626c72bc107febaeeae545f685dcfd21ca77acaa5aa0879472f1ce9153f044cb5d630157327bd74f39de7b98ffb4847dcbaa1fa4f23201e72bc5b34ad47d1fe1a56e1fc249664deb02d77bdc2d02e4e7d77889f3f8c66961a1d0d84ace4511e3d21c86a45052e9f0bbeb52fb053217d6ad5caec3f884e78abd9559bf073a7991d19997fa584435a72e1cc973a23c4c785ccaefaef1ffe69e6b2d1a42f55e6d411a721dd3416581bf5ff73a9b6a30c865632691b06dc6b317c01082cd2a6a1cd2fce53a95722af80a53a55f29683e432215898075e55ae180ca65a634d706050d3282703caf129177b175ac59d64c012c0f4058263e750533a7316839ab93d471b0dd11dff19c37e34c8085be6a19ff99a838561e5532d10fd8400a5ceba3d148ef84bb8', 'Vachel', 'Bulleyn');
insert into accounts (id, email, salt, hash, firstName, lastName) values (default, 'swinchcombe7@infoseek.co.jp', 'salty', '62c46d08e871406e852bf666f32dccfe2f0e962a5f1c052eeaeb3b49f804a427a06208fdfe842cac8055d8510db3a037e472f2d82e26cf68a6570e4c5f16627ce9e9bc3b99fc17b0c9d4fb18d067d2e3ab3335902628c6ae4e0ade0f7c75ebb666cd78632995d4dc9e6244693dcc2b75be0cc2f0bcfb9a934709cae74c543f57c9f7bc47511d6792729dda73379046c763f5ac6d5935f9347e8651c83adb76068929b5bc6dcc16e658d6f6075e2d53c1059955f052b90b4fc89837ff3fd82e024106f42c07f738143683f866ea73bc8ad9eb54f249205eea602389a4c626c72bc107febaeeae545f685dcfd21ca77acaa5aa0879472f1ce9153f044cb5d630157327bd74f39de7b98ffb4847dcbaa1fa4f23201e72bc5b34ad47d1fe1a56e1fc249664deb02d77bdc2d02e4e7d77889f3f8c66961a1d0d84ace4511e3d21c86a45052e9f0bbeb52fb053217d6ad5caec3f884e78abd9559bf073a7991d19997fa584435a72e1cc973a23c4c785ccaefaef1ffe69e6b2d1a42f55e6d411a721dd3416581bf5ff73a9b6a30c865632691b06dc6b317c01082cd2a6a1cd2fce53a95722af80a53a55f29683e432215898075e55ae180ca65a634d706050d3282703caf129177b175ac59d64c012c0f4058263e750533a7316839ab93d471b0dd11dff19c37e34c8085be6a19ff99a838561e5532d10fd8400a5ceba3d148ef84bb8', 'Shermie', 'Winchcombe');
insert into accounts (id, email, salt, hash, firstName, lastName) values (default, 'jbatecok8@unicef.org', 'salty', '62c46d08e871406e852bf666f32dccfe2f0e962a5f1c052eeaeb3b49f804a427a06208fdfe842cac8055d8510db3a037e472f2d82e26cf68a6570e4c5f16627ce9e9bc3b99fc17b0c9d4fb18d067d2e3ab3335902628c6ae4e0ade0f7c75ebb666cd78632995d4dc9e6244693dcc2b75be0cc2f0bcfb9a934709cae74c543f57c9f7bc47511d6792729dda73379046c763f5ac6d5935f9347e8651c83adb76068929b5bc6dcc16e658d6f6075e2d53c1059955f052b90b4fc89837ff3fd82e024106f42c07f738143683f866ea73bc8ad9eb54f249205eea602389a4c626c72bc107febaeeae545f685dcfd21ca77acaa5aa0879472f1ce9153f044cb5d630157327bd74f39de7b98ffb4847dcbaa1fa4f23201e72bc5b34ad47d1fe1a56e1fc249664deb02d77bdc2d02e4e7d77889f3f8c66961a1d0d84ace4511e3d21c86a45052e9f0bbeb52fb053217d6ad5caec3f884e78abd9559bf073a7991d19997fa584435a72e1cc973a23c4c785ccaefaef1ffe69e6b2d1a42f55e6d411a721dd3416581bf5ff73a9b6a30c865632691b06dc6b317c01082cd2a6a1cd2fce53a95722af80a53a55f29683e432215898075e55ae180ca65a634d706050d3282703caf129177b175ac59d64c012c0f4058263e750533a7316839ab93d471b0dd11dff19c37e34c8085be6a19ff99a838561e5532d10fd8400a5ceba3d148ef84bb8', 'Janna', 'Batecok');
insert into accounts (id, email, salt, hash, firstName, lastName) values (default, 'myoules9@census.gov', 'salty', '62c46d08e871406e852bf666f32dccfe2f0e962a5f1c052eeaeb3b49f804a427a06208fdfe842cac8055d8510db3a037e472f2d82e26cf68a6570e4c5f16627ce9e9bc3b99fc17b0c9d4fb18d067d2e3ab3335902628c6ae4e0ade0f7c75ebb666cd78632995d4dc9e6244693dcc2b75be0cc2f0bcfb9a934709cae74c543f57c9f7bc47511d6792729dda73379046c763f5ac6d5935f9347e8651c83adb76068929b5bc6dcc16e658d6f6075e2d53c1059955f052b90b4fc89837ff3fd82e024106f42c07f738143683f866ea73bc8ad9eb54f249205eea602389a4c626c72bc107febaeeae545f685dcfd21ca77acaa5aa0879472f1ce9153f044cb5d630157327bd74f39de7b98ffb4847dcbaa1fa4f23201e72bc5b34ad47d1fe1a56e1fc249664deb02d77bdc2d02e4e7d77889f3f8c66961a1d0d84ace4511e3d21c86a45052e9f0bbeb52fb053217d6ad5caec3f884e78abd9559bf073a7991d19997fa584435a72e1cc973a23c4c785ccaefaef1ffe69e6b2d1a42f55e6d411a721dd3416581bf5ff73a9b6a30c865632691b06dc6b317c01082cd2a6a1cd2fce53a95722af80a53a55f29683e432215898075e55ae180ca65a634d706050d3282703caf129177b175ac59d64c012c0f4058263e750533a7316839ab93d471b0dd11dff19c37e34c8085be6a19ff99a838561e5532d10fd8400a5ceba3d148ef84bb8', 'Max', 'Youles');
insert into accounts (id, email, salt, hash, firstName, lastName) values (default, 'edalmona@redcross.org', 'salty', '62c46d08e871406e852bf666f32dccfe2f0e962a5f1c052eeaeb3b49f804a427a06208fdfe842cac8055d8510db3a037e472f2d82e26cf68a6570e4c5f16627ce9e9bc3b99fc17b0c9d4fb18d067d2e3ab3335902628c6ae4e0ade0f7c75ebb666cd78632995d4dc9e6244693dcc2b75be0cc2f0bcfb9a934709cae74c543f57c9f7bc47511d6792729dda73379046c763f5ac6d5935f9347e8651c83adb76068929b5bc6dcc16e658d6f6075e2d53c1059955f052b90b4fc89837ff3fd82e024106f42c07f738143683f866ea73bc8ad9eb54f249205eea602389a4c626c72bc107febaeeae545f685dcfd21ca77acaa5aa0879472f1ce9153f044cb5d630157327bd74f39de7b98ffb4847dcbaa1fa4f23201e72bc5b34ad47d1fe1a56e1fc249664deb02d77bdc2d02e4e7d77889f3f8c66961a1d0d84ace4511e3d21c86a45052e9f0bbeb52fb053217d6ad5caec3f884e78abd9559bf073a7991d19997fa584435a72e1cc973a23c4c785ccaefaef1ffe69e6b2d1a42f55e6d411a721dd3416581bf5ff73a9b6a30c865632691b06dc6b317c01082cd2a6a1cd2fce53a95722af80a53a55f29683e432215898075e55ae180ca65a634d706050d3282703caf129177b175ac59d64c012c0f4058263e750533a7316839ab93d471b0dd11dff19c37e34c8085be6a19ff99a838561e5532d10fd8400a5ceba3d148ef84bb8', 'Elisha', 'Dalmon');
insert into accounts (id, email, salt, hash, firstName, lastName) values (default, 'eberib@ebay.com', 'salty', '62c46d08e871406e852bf666f32dccfe2f0e962a5f1c052eeaeb3b49f804a427a06208fdfe842cac8055d8510db3a037e472f2d82e26cf68a6570e4c5f16627ce9e9bc3b99fc17b0c9d4fb18d067d2e3ab3335902628c6ae4e0ade0f7c75ebb666cd78632995d4dc9e6244693dcc2b75be0cc2f0bcfb9a934709cae74c543f57c9f7bc47511d6792729dda73379046c763f5ac6d5935f9347e8651c83adb76068929b5bc6dcc16e658d6f6075e2d53c1059955f052b90b4fc89837ff3fd82e024106f42c07f738143683f866ea73bc8ad9eb54f249205eea602389a4c626c72bc107febaeeae545f685dcfd21ca77acaa5aa0879472f1ce9153f044cb5d630157327bd74f39de7b98ffb4847dcbaa1fa4f23201e72bc5b34ad47d1fe1a56e1fc249664deb02d77bdc2d02e4e7d77889f3f8c66961a1d0d84ace4511e3d21c86a45052e9f0bbeb52fb053217d6ad5caec3f884e78abd9559bf073a7991d19997fa584435a72e1cc973a23c4c785ccaefaef1ffe69e6b2d1a42f55e6d411a721dd3416581bf5ff73a9b6a30c865632691b06dc6b317c01082cd2a6a1cd2fce53a95722af80a53a55f29683e432215898075e55ae180ca65a634d706050d3282703caf129177b175ac59d64c012c0f4058263e750533a7316839ab93d471b0dd11dff19c37e34c8085be6a19ff99a838561e5532d10fd8400a5ceba3d148ef84bb8', 'Eddie', 'Beri');
insert into accounts (id, email, salt, hash, firstName, lastName) values (default, 'lhelmc@tamu.edu', 'salty', '62c46d08e871406e852bf666f32dccfe2f0e962a5f1c052eeaeb3b49f804a427a06208fdfe842cac8055d8510db3a037e472f2d82e26cf68a6570e4c5f16627ce9e9bc3b99fc17b0c9d4fb18d067d2e3ab3335902628c6ae4e0ade0f7c75ebb666cd78632995d4dc9e6244693dcc2b75be0cc2f0bcfb9a934709cae74c543f57c9f7bc47511d6792729dda73379046c763f5ac6d5935f9347e8651c83adb76068929b5bc6dcc16e658d6f6075e2d53c1059955f052b90b4fc89837ff3fd82e024106f42c07f738143683f866ea73bc8ad9eb54f249205eea602389a4c626c72bc107febaeeae545f685dcfd21ca77acaa5aa0879472f1ce9153f044cb5d630157327bd74f39de7b98ffb4847dcbaa1fa4f23201e72bc5b34ad47d1fe1a56e1fc249664deb02d77bdc2d02e4e7d77889f3f8c66961a1d0d84ace4511e3d21c86a45052e9f0bbeb52fb053217d6ad5caec3f884e78abd9559bf073a7991d19997fa584435a72e1cc973a23c4c785ccaefaef1ffe69e6b2d1a42f55e6d411a721dd3416581bf5ff73a9b6a30c865632691b06dc6b317c01082cd2a6a1cd2fce53a95722af80a53a55f29683e432215898075e55ae180ca65a634d706050d3282703caf129177b175ac59d64c012c0f4058263e750533a7316839ab93d471b0dd11dff19c37e34c8085be6a19ff99a838561e5532d10fd8400a5ceba3d148ef84bb8', 'Laurence', 'Helm');
insert into accounts (id, email, salt, hash, firstName, lastName) values (default, 'begdaled@comsenz.com', 'salty', '62c46d08e871406e852bf666f32dccfe2f0e962a5f1c052eeaeb3b49f804a427a06208fdfe842cac8055d8510db3a037e472f2d82e26cf68a6570e4c5f16627ce9e9bc3b99fc17b0c9d4fb18d067d2e3ab3335902628c6ae4e0ade0f7c75ebb666cd78632995d4dc9e6244693dcc2b75be0cc2f0bcfb9a934709cae74c543f57c9f7bc47511d6792729dda73379046c763f5ac6d5935f9347e8651c83adb76068929b5bc6dcc16e658d6f6075e2d53c1059955f052b90b4fc89837ff3fd82e024106f42c07f738143683f866ea73bc8ad9eb54f249205eea602389a4c626c72bc107febaeeae545f685dcfd21ca77acaa5aa0879472f1ce9153f044cb5d630157327bd74f39de7b98ffb4847dcbaa1fa4f23201e72bc5b34ad47d1fe1a56e1fc249664deb02d77bdc2d02e4e7d77889f3f8c66961a1d0d84ace4511e3d21c86a45052e9f0bbeb52fb053217d6ad5caec3f884e78abd9559bf073a7991d19997fa584435a72e1cc973a23c4c785ccaefaef1ffe69e6b2d1a42f55e6d411a721dd3416581bf5ff73a9b6a30c865632691b06dc6b317c01082cd2a6a1cd2fce53a95722af80a53a55f29683e432215898075e55ae180ca65a634d706050d3282703caf129177b175ac59d64c012c0f4058263e750533a7316839ab93d471b0dd11dff19c37e34c8085be6a19ff99a838561e5532d10fd8400a5ceba3d148ef84bb8', 'Bernarr', 'Egdale');
insert into accounts (id, email, salt, hash, firstName, lastName) values (default, 'smccullocke@aboutads.info', 'salty', '62c46d08e871406e852bf666f32dccfe2f0e962a5f1c052eeaeb3b49f804a427a06208fdfe842cac8055d8510db3a037e472f2d82e26cf68a6570e4c5f16627ce9e9bc3b99fc17b0c9d4fb18d067d2e3ab3335902628c6ae4e0ade0f7c75ebb666cd78632995d4dc9e6244693dcc2b75be0cc2f0bcfb9a934709cae74c543f57c9f7bc47511d6792729dda73379046c763f5ac6d5935f9347e8651c83adb76068929b5bc6dcc16e658d6f6075e2d53c1059955f052b90b4fc89837ff3fd82e024106f42c07f738143683f866ea73bc8ad9eb54f249205eea602389a4c626c72bc107febaeeae545f685dcfd21ca77acaa5aa0879472f1ce9153f044cb5d630157327bd74f39de7b98ffb4847dcbaa1fa4f23201e72bc5b34ad47d1fe1a56e1fc249664deb02d77bdc2d02e4e7d77889f3f8c66961a1d0d84ace4511e3d21c86a45052e9f0bbeb52fb053217d6ad5caec3f884e78abd9559bf073a7991d19997fa584435a72e1cc973a23c4c785ccaefaef1ffe69e6b2d1a42f55e6d411a721dd3416581bf5ff73a9b6a30c865632691b06dc6b317c01082cd2a6a1cd2fce53a95722af80a53a55f29683e432215898075e55ae180ca65a634d706050d3282703caf129177b175ac59d64c012c0f4058263e750533a7316839ab93d471b0dd11dff19c37e34c8085be6a19ff99a838561e5532d10fd8400a5ceba3d148ef84bb8', 'Shurlocke', 'McCullock');
insert into accounts (id, email, salt, hash, firstName, lastName) values (default, 'nstockleyf@ed.gov', 'salty', '62c46d08e871406e852bf666f32dccfe2f0e962a5f1c052eeaeb3b49f804a427a06208fdfe842cac8055d8510db3a037e472f2d82e26cf68a6570e4c5f16627ce9e9bc3b99fc17b0c9d4fb18d067d2e3ab3335902628c6ae4e0ade0f7c75ebb666cd78632995d4dc9e6244693dcc2b75be0cc2f0bcfb9a934709cae74c543f57c9f7bc47511d6792729dda73379046c763f5ac6d5935f9347e8651c83adb76068929b5bc6dcc16e658d6f6075e2d53c1059955f052b90b4fc89837ff3fd82e024106f42c07f738143683f866ea73bc8ad9eb54f249205eea602389a4c626c72bc107febaeeae545f685dcfd21ca77acaa5aa0879472f1ce9153f044cb5d630157327bd74f39de7b98ffb4847dcbaa1fa4f23201e72bc5b34ad47d1fe1a56e1fc249664deb02d77bdc2d02e4e7d77889f3f8c66961a1d0d84ace4511e3d21c86a45052e9f0bbeb52fb053217d6ad5caec3f884e78abd9559bf073a7991d19997fa584435a72e1cc973a23c4c785ccaefaef1ffe69e6b2d1a42f55e6d411a721dd3416581bf5ff73a9b6a30c865632691b06dc6b317c01082cd2a6a1cd2fce53a95722af80a53a55f29683e432215898075e55ae180ca65a634d706050d3282703caf129177b175ac59d64c012c0f4058263e750533a7316839ab93d471b0dd11dff19c37e34c8085be6a19ff99a838561e5532d10fd8400a5ceba3d148ef84bb8', 'Nellie', 'Stockley');
insert into accounts (id, email, salt, hash, firstName, lastName) values (default, 'rlevingeg@freewebs.com', 'salty', '62c46d08e871406e852bf666f32dccfe2f0e962a5f1c052eeaeb3b49f804a427a06208fdfe842cac8055d8510db3a037e472f2d82e26cf68a6570e4c5f16627ce9e9bc3b99fc17b0c9d4fb18d067d2e3ab3335902628c6ae4e0ade0f7c75ebb666cd78632995d4dc9e6244693dcc2b75be0cc2f0bcfb9a934709cae74c543f57c9f7bc47511d6792729dda73379046c763f5ac6d5935f9347e8651c83adb76068929b5bc6dcc16e658d6f6075e2d53c1059955f052b90b4fc89837ff3fd82e024106f42c07f738143683f866ea73bc8ad9eb54f249205eea602389a4c626c72bc107febaeeae545f685dcfd21ca77acaa5aa0879472f1ce9153f044cb5d630157327bd74f39de7b98ffb4847dcbaa1fa4f23201e72bc5b34ad47d1fe1a56e1fc249664deb02d77bdc2d02e4e7d77889f3f8c66961a1d0d84ace4511e3d21c86a45052e9f0bbeb52fb053217d6ad5caec3f884e78abd9559bf073a7991d19997fa584435a72e1cc973a23c4c785ccaefaef1ffe69e6b2d1a42f55e6d411a721dd3416581bf5ff73a9b6a30c865632691b06dc6b317c01082cd2a6a1cd2fce53a95722af80a53a55f29683e432215898075e55ae180ca65a634d706050d3282703caf129177b175ac59d64c012c0f4058263e750533a7316839ab93d471b0dd11dff19c37e34c8085be6a19ff99a838561e5532d10fd8400a5ceba3d148ef84bb8', 'Roze', 'Levinge');
insert into accounts (id, email, salt, hash, firstName, lastName) values (default, 'cliversidgeh@blinklist.com', 'salty', '62c46d08e871406e852bf666f32dccfe2f0e962a5f1c052eeaeb3b49f804a427a06208fdfe842cac8055d8510db3a037e472f2d82e26cf68a6570e4c5f16627ce9e9bc3b99fc17b0c9d4fb18d067d2e3ab3335902628c6ae4e0ade0f7c75ebb666cd78632995d4dc9e6244693dcc2b75be0cc2f0bcfb9a934709cae74c543f57c9f7bc47511d6792729dda73379046c763f5ac6d5935f9347e8651c83adb76068929b5bc6dcc16e658d6f6075e2d53c1059955f052b90b4fc89837ff3fd82e024106f42c07f738143683f866ea73bc8ad9eb54f249205eea602389a4c626c72bc107febaeeae545f685dcfd21ca77acaa5aa0879472f1ce9153f044cb5d630157327bd74f39de7b98ffb4847dcbaa1fa4f23201e72bc5b34ad47d1fe1a56e1fc249664deb02d77bdc2d02e4e7d77889f3f8c66961a1d0d84ace4511e3d21c86a45052e9f0bbeb52fb053217d6ad5caec3f884e78abd9559bf073a7991d19997fa584435a72e1cc973a23c4c785ccaefaef1ffe69e6b2d1a42f55e6d411a721dd3416581bf5ff73a9b6a30c865632691b06dc6b317c01082cd2a6a1cd2fce53a95722af80a53a55f29683e432215898075e55ae180ca65a634d706050d3282703caf129177b175ac59d64c012c0f4058263e750533a7316839ab93d471b0dd11dff19c37e34c8085be6a19ff99a838561e5532d10fd8400a5ceba3d148ef84bb8', 'Cynthie', 'Liversidge');
insert into accounts (id, email, salt, hash, firstName, lastName) values (default, 'phalyi@reuters.com', 'salty', '62c46d08e871406e852bf666f32dccfe2f0e962a5f1c052eeaeb3b49f804a427a06208fdfe842cac8055d8510db3a037e472f2d82e26cf68a6570e4c5f16627ce9e9bc3b99fc17b0c9d4fb18d067d2e3ab3335902628c6ae4e0ade0f7c75ebb666cd78632995d4dc9e6244693dcc2b75be0cc2f0bcfb9a934709cae74c543f57c9f7bc47511d6792729dda73379046c763f5ac6d5935f9347e8651c83adb76068929b5bc6dcc16e658d6f6075e2d53c1059955f052b90b4fc89837ff3fd82e024106f42c07f738143683f866ea73bc8ad9eb54f249205eea602389a4c626c72bc107febaeeae545f685dcfd21ca77acaa5aa0879472f1ce9153f044cb5d630157327bd74f39de7b98ffb4847dcbaa1fa4f23201e72bc5b34ad47d1fe1a56e1fc249664deb02d77bdc2d02e4e7d77889f3f8c66961a1d0d84ace4511e3d21c86a45052e9f0bbeb52fb053217d6ad5caec3f884e78abd9559bf073a7991d19997fa584435a72e1cc973a23c4c785ccaefaef1ffe69e6b2d1a42f55e6d411a721dd3416581bf5ff73a9b6a30c865632691b06dc6b317c01082cd2a6a1cd2fce53a95722af80a53a55f29683e432215898075e55ae180ca65a634d706050d3282703caf129177b175ac59d64c012c0f4058263e750533a7316839ab93d471b0dd11dff19c37e34c8085be6a19ff99a838561e5532d10fd8400a5ceba3d148ef84bb8', 'Phedra', 'Haly');
insert into accounts (id, email, salt, hash, firstName, lastName) values (default, 'pquarriej@people.com.cn', 'salty', '62c46d08e871406e852bf666f32dccfe2f0e962a5f1c052eeaeb3b49f804a427a06208fdfe842cac8055d8510db3a037e472f2d82e26cf68a6570e4c5f16627ce9e9bc3b99fc17b0c9d4fb18d067d2e3ab3335902628c6ae4e0ade0f7c75ebb666cd78632995d4dc9e6244693dcc2b75be0cc2f0bcfb9a934709cae74c543f57c9f7bc47511d6792729dda73379046c763f5ac6d5935f9347e8651c83adb76068929b5bc6dcc16e658d6f6075e2d53c1059955f052b90b4fc89837ff3fd82e024106f42c07f738143683f866ea73bc8ad9eb54f249205eea602389a4c626c72bc107febaeeae545f685dcfd21ca77acaa5aa0879472f1ce9153f044cb5d630157327bd74f39de7b98ffb4847dcbaa1fa4f23201e72bc5b34ad47d1fe1a56e1fc249664deb02d77bdc2d02e4e7d77889f3f8c66961a1d0d84ace4511e3d21c86a45052e9f0bbeb52fb053217d6ad5caec3f884e78abd9559bf073a7991d19997fa584435a72e1cc973a23c4c785ccaefaef1ffe69e6b2d1a42f55e6d411a721dd3416581bf5ff73a9b6a30c865632691b06dc6b317c01082cd2a6a1cd2fce53a95722af80a53a55f29683e432215898075e55ae180ca65a634d706050d3282703caf129177b175ac59d64c012c0f4058263e750533a7316839ab93d471b0dd11dff19c37e34c8085be6a19ff99a838561e5532d10fd8400a5ceba3d148ef84bb8', 'Philbert', 'Quarrie');

/* Worker Accounts */
insert into accounts (id, email, salt, hash, firstName, lastName) values (default, 'ogriston0@opera.com', 'salty', '62c46d08e871406e852bf666f32dccfe2f0e962a5f1c052eeaeb3b49f804a427a06208fdfe842cac8055d8510db3a037e472f2d82e26cf68a6570e4c5f16627ce9e9bc3b99fc17b0c9d4fb18d067d2e3ab3335902628c6ae4e0ade0f7c75ebb666cd78632995d4dc9e6244693dcc2b75be0cc2f0bcfb9a934709cae74c543f57c9f7bc47511d6792729dda73379046c763f5ac6d5935f9347e8651c83adb76068929b5bc6dcc16e658d6f6075e2d53c1059955f052b90b4fc89837ff3fd82e024106f42c07f738143683f866ea73bc8ad9eb54f249205eea602389a4c626c72bc107febaeeae545f685dcfd21ca77acaa5aa0879472f1ce9153f044cb5d630157327bd74f39de7b98ffb4847dcbaa1fa4f23201e72bc5b34ad47d1fe1a56e1fc249664deb02d77bdc2d02e4e7d77889f3f8c66961a1d0d84ace4511e3d21c86a45052e9f0bbeb52fb053217d6ad5caec3f884e78abd9559bf073a7991d19997fa584435a72e1cc973a23c4c785ccaefaef1ffe69e6b2d1a42f55e6d411a721dd3416581bf5ff73a9b6a30c865632691b06dc6b317c01082cd2a6a1cd2fce53a95722af80a53a55f29683e432215898075e55ae180ca65a634d706050d3282703caf129177b175ac59d64c012c0f4058263e750533a7316839ab93d471b0dd11dff19c37e34c8085be6a19ff99a838561e5532d10fd8400a5ceba3d148ef84bb8', 'Otes', 'Griston');
insert into accounts (id, email, salt, hash, firstName, lastName) values (default, 'edanforth1@time.com', 'salty', '62c46d08e871406e852bf666f32dccfe2f0e962a5f1c052eeaeb3b49f804a427a06208fdfe842cac8055d8510db3a037e472f2d82e26cf68a6570e4c5f16627ce9e9bc3b99fc17b0c9d4fb18d067d2e3ab3335902628c6ae4e0ade0f7c75ebb666cd78632995d4dc9e6244693dcc2b75be0cc2f0bcfb9a934709cae74c543f57c9f7bc47511d6792729dda73379046c763f5ac6d5935f9347e8651c83adb76068929b5bc6dcc16e658d6f6075e2d53c1059955f052b90b4fc89837ff3fd82e024106f42c07f738143683f866ea73bc8ad9eb54f249205eea602389a4c626c72bc107febaeeae545f685dcfd21ca77acaa5aa0879472f1ce9153f044cb5d630157327bd74f39de7b98ffb4847dcbaa1fa4f23201e72bc5b34ad47d1fe1a56e1fc249664deb02d77bdc2d02e4e7d77889f3f8c66961a1d0d84ace4511e3d21c86a45052e9f0bbeb52fb053217d6ad5caec3f884e78abd9559bf073a7991d19997fa584435a72e1cc973a23c4c785ccaefaef1ffe69e6b2d1a42f55e6d411a721dd3416581bf5ff73a9b6a30c865632691b06dc6b317c01082cd2a6a1cd2fce53a95722af80a53a55f29683e432215898075e55ae180ca65a634d706050d3282703caf129177b175ac59d64c012c0f4058263e750533a7316839ab93d471b0dd11dff19c37e34c8085be6a19ff99a838561e5532d10fd8400a5ceba3d148ef84bb8', 'Elena', 'Danforth');
insert into accounts (id, email, salt, hash, firstName, lastName) values (default, 'jblunkett2@irs.gov', 'salty', '62c46d08e871406e852bf666f32dccfe2f0e962a5f1c052eeaeb3b49f804a427a06208fdfe842cac8055d8510db3a037e472f2d82e26cf68a6570e4c5f16627ce9e9bc3b99fc17b0c9d4fb18d067d2e3ab3335902628c6ae4e0ade0f7c75ebb666cd78632995d4dc9e6244693dcc2b75be0cc2f0bcfb9a934709cae74c543f57c9f7bc47511d6792729dda73379046c763f5ac6d5935f9347e8651c83adb76068929b5bc6dcc16e658d6f6075e2d53c1059955f052b90b4fc89837ff3fd82e024106f42c07f738143683f866ea73bc8ad9eb54f249205eea602389a4c626c72bc107febaeeae545f685dcfd21ca77acaa5aa0879472f1ce9153f044cb5d630157327bd74f39de7b98ffb4847dcbaa1fa4f23201e72bc5b34ad47d1fe1a56e1fc249664deb02d77bdc2d02e4e7d77889f3f8c66961a1d0d84ace4511e3d21c86a45052e9f0bbeb52fb053217d6ad5caec3f884e78abd9559bf073a7991d19997fa584435a72e1cc973a23c4c785ccaefaef1ffe69e6b2d1a42f55e6d411a721dd3416581bf5ff73a9b6a30c865632691b06dc6b317c01082cd2a6a1cd2fce53a95722af80a53a55f29683e432215898075e55ae180ca65a634d706050d3282703caf129177b175ac59d64c012c0f4058263e750533a7316839ab93d471b0dd11dff19c37e34c8085be6a19ff99a838561e5532d10fd8400a5ceba3d148ef84bb8', 'Julee', 'Blunkett');
insert into accounts (id, email, salt, hash, firstName, lastName) values (default, 'lelsegood3@livejournal.com', 'salty', '62c46d08e871406e852bf666f32dccfe2f0e962a5f1c052eeaeb3b49f804a427a06208fdfe842cac8055d8510db3a037e472f2d82e26cf68a6570e4c5f16627ce9e9bc3b99fc17b0c9d4fb18d067d2e3ab3335902628c6ae4e0ade0f7c75ebb666cd78632995d4dc9e6244693dcc2b75be0cc2f0bcfb9a934709cae74c543f57c9f7bc47511d6792729dda73379046c763f5ac6d5935f9347e8651c83adb76068929b5bc6dcc16e658d6f6075e2d53c1059955f052b90b4fc89837ff3fd82e024106f42c07f738143683f866ea73bc8ad9eb54f249205eea602389a4c626c72bc107febaeeae545f685dcfd21ca77acaa5aa0879472f1ce9153f044cb5d630157327bd74f39de7b98ffb4847dcbaa1fa4f23201e72bc5b34ad47d1fe1a56e1fc249664deb02d77bdc2d02e4e7d77889f3f8c66961a1d0d84ace4511e3d21c86a45052e9f0bbeb52fb053217d6ad5caec3f884e78abd9559bf073a7991d19997fa584435a72e1cc973a23c4c785ccaefaef1ffe69e6b2d1a42f55e6d411a721dd3416581bf5ff73a9b6a30c865632691b06dc6b317c01082cd2a6a1cd2fce53a95722af80a53a55f29683e432215898075e55ae180ca65a634d706050d3282703caf129177b175ac59d64c012c0f4058263e750533a7316839ab93d471b0dd11dff19c37e34c8085be6a19ff99a838561e5532d10fd8400a5ceba3d148ef84bb8', 'Luce', 'Elsegood');
insert into accounts (id, email, salt, hash, firstName, lastName) values (default, 'bbayless4@list-manage.com', 'salty', '62c46d08e871406e852bf666f32dccfe2f0e962a5f1c052eeaeb3b49f804a427a06208fdfe842cac8055d8510db3a037e472f2d82e26cf68a6570e4c5f16627ce9e9bc3b99fc17b0c9d4fb18d067d2e3ab3335902628c6ae4e0ade0f7c75ebb666cd78632995d4dc9e6244693dcc2b75be0cc2f0bcfb9a934709cae74c543f57c9f7bc47511d6792729dda73379046c763f5ac6d5935f9347e8651c83adb76068929b5bc6dcc16e658d6f6075e2d53c1059955f052b90b4fc89837ff3fd82e024106f42c07f738143683f866ea73bc8ad9eb54f249205eea602389a4c626c72bc107febaeeae545f685dcfd21ca77acaa5aa0879472f1ce9153f044cb5d630157327bd74f39de7b98ffb4847dcbaa1fa4f23201e72bc5b34ad47d1fe1a56e1fc249664deb02d77bdc2d02e4e7d77889f3f8c66961a1d0d84ace4511e3d21c86a45052e9f0bbeb52fb053217d6ad5caec3f884e78abd9559bf073a7991d19997fa584435a72e1cc973a23c4c785ccaefaef1ffe69e6b2d1a42f55e6d411a721dd3416581bf5ff73a9b6a30c865632691b06dc6b317c01082cd2a6a1cd2fce53a95722af80a53a55f29683e432215898075e55ae180ca65a634d706050d3282703caf129177b175ac59d64c012c0f4058263e750533a7316839ab93d471b0dd11dff19c37e34c8085be6a19ff99a838561e5532d10fd8400a5ceba3d148ef84bb8', 'Bevan', 'Bayless');
insert into accounts (id, email, salt, hash, firstName, lastName) values (default, 'tmessingham5@marketwatch.com', 'salty', '62c46d08e871406e852bf666f32dccfe2f0e962a5f1c052eeaeb3b49f804a427a06208fdfe842cac8055d8510db3a037e472f2d82e26cf68a6570e4c5f16627ce9e9bc3b99fc17b0c9d4fb18d067d2e3ab3335902628c6ae4e0ade0f7c75ebb666cd78632995d4dc9e6244693dcc2b75be0cc2f0bcfb9a934709cae74c543f57c9f7bc47511d6792729dda73379046c763f5ac6d5935f9347e8651c83adb76068929b5bc6dcc16e658d6f6075e2d53c1059955f052b90b4fc89837ff3fd82e024106f42c07f738143683f866ea73bc8ad9eb54f249205eea602389a4c626c72bc107febaeeae545f685dcfd21ca77acaa5aa0879472f1ce9153f044cb5d630157327bd74f39de7b98ffb4847dcbaa1fa4f23201e72bc5b34ad47d1fe1a56e1fc249664deb02d77bdc2d02e4e7d77889f3f8c66961a1d0d84ace4511e3d21c86a45052e9f0bbeb52fb053217d6ad5caec3f884e78abd9559bf073a7991d19997fa584435a72e1cc973a23c4c785ccaefaef1ffe69e6b2d1a42f55e6d411a721dd3416581bf5ff73a9b6a30c865632691b06dc6b317c01082cd2a6a1cd2fce53a95722af80a53a55f29683e432215898075e55ae180ca65a634d706050d3282703caf129177b175ac59d64c012c0f4058263e750533a7316839ab93d471b0dd11dff19c37e34c8085be6a19ff99a838561e5532d10fd8400a5ceba3d148ef84bb8', 'Thibaut', 'Messingham');
insert into accounts (id, email, salt, hash, firstName, lastName) values (default, 'dlowin6@tripod.com', 'salty', '62c46d08e871406e852bf666f32dccfe2f0e962a5f1c052eeaeb3b49f804a427a06208fdfe842cac8055d8510db3a037e472f2d82e26cf68a6570e4c5f16627ce9e9bc3b99fc17b0c9d4fb18d067d2e3ab3335902628c6ae4e0ade0f7c75ebb666cd78632995d4dc9e6244693dcc2b75be0cc2f0bcfb9a934709cae74c543f57c9f7bc47511d6792729dda73379046c763f5ac6d5935f9347e8651c83adb76068929b5bc6dcc16e658d6f6075e2d53c1059955f052b90b4fc89837ff3fd82e024106f42c07f738143683f866ea73bc8ad9eb54f249205eea602389a4c626c72bc107febaeeae545f685dcfd21ca77acaa5aa0879472f1ce9153f044cb5d630157327bd74f39de7b98ffb4847dcbaa1fa4f23201e72bc5b34ad47d1fe1a56e1fc249664deb02d77bdc2d02e4e7d77889f3f8c66961a1d0d84ace4511e3d21c86a45052e9f0bbeb52fb053217d6ad5caec3f884e78abd9559bf073a7991d19997fa584435a72e1cc973a23c4c785ccaefaef1ffe69e6b2d1a42f55e6d411a721dd3416581bf5ff73a9b6a30c865632691b06dc6b317c01082cd2a6a1cd2fce53a95722af80a53a55f29683e432215898075e55ae180ca65a634d706050d3282703caf129177b175ac59d64c012c0f4058263e750533a7316839ab93d471b0dd11dff19c37e34c8085be6a19ff99a838561e5532d10fd8400a5ceba3d148ef84bb8', 'Dore', 'Lowin');
insert into accounts (id, email, salt, hash, firstName, lastName) values (default, 'cclem7@sitemeter.com', 'salty', '62c46d08e871406e852bf666f32dccfe2f0e962a5f1c052eeaeb3b49f804a427a06208fdfe842cac8055d8510db3a037e472f2d82e26cf68a6570e4c5f16627ce9e9bc3b99fc17b0c9d4fb18d067d2e3ab3335902628c6ae4e0ade0f7c75ebb666cd78632995d4dc9e6244693dcc2b75be0cc2f0bcfb9a934709cae74c543f57c9f7bc47511d6792729dda73379046c763f5ac6d5935f9347e8651c83adb76068929b5bc6dcc16e658d6f6075e2d53c1059955f052b90b4fc89837ff3fd82e024106f42c07f738143683f866ea73bc8ad9eb54f249205eea602389a4c626c72bc107febaeeae545f685dcfd21ca77acaa5aa0879472f1ce9153f044cb5d630157327bd74f39de7b98ffb4847dcbaa1fa4f23201e72bc5b34ad47d1fe1a56e1fc249664deb02d77bdc2d02e4e7d77889f3f8c66961a1d0d84ace4511e3d21c86a45052e9f0bbeb52fb053217d6ad5caec3f884e78abd9559bf073a7991d19997fa584435a72e1cc973a23c4c785ccaefaef1ffe69e6b2d1a42f55e6d411a721dd3416581bf5ff73a9b6a30c865632691b06dc6b317c01082cd2a6a1cd2fce53a95722af80a53a55f29683e432215898075e55ae180ca65a634d706050d3282703caf129177b175ac59d64c012c0f4058263e750533a7316839ab93d471b0dd11dff19c37e34c8085be6a19ff99a838561e5532d10fd8400a5ceba3d148ef84bb8', 'Cherianne', 'Clem');
insert into accounts (id, email, salt, hash, firstName, lastName) values (default, 'nbarlas8@irs.gov', 'salty', '62c46d08e871406e852bf666f32dccfe2f0e962a5f1c052eeaeb3b49f804a427a06208fdfe842cac8055d8510db3a037e472f2d82e26cf68a6570e4c5f16627ce9e9bc3b99fc17b0c9d4fb18d067d2e3ab3335902628c6ae4e0ade0f7c75ebb666cd78632995d4dc9e6244693dcc2b75be0cc2f0bcfb9a934709cae74c543f57c9f7bc47511d6792729dda73379046c763f5ac6d5935f9347e8651c83adb76068929b5bc6dcc16e658d6f6075e2d53c1059955f052b90b4fc89837ff3fd82e024106f42c07f738143683f866ea73bc8ad9eb54f249205eea602389a4c626c72bc107febaeeae545f685dcfd21ca77acaa5aa0879472f1ce9153f044cb5d630157327bd74f39de7b98ffb4847dcbaa1fa4f23201e72bc5b34ad47d1fe1a56e1fc249664deb02d77bdc2d02e4e7d77889f3f8c66961a1d0d84ace4511e3d21c86a45052e9f0bbeb52fb053217d6ad5caec3f884e78abd9559bf073a7991d19997fa584435a72e1cc973a23c4c785ccaefaef1ffe69e6b2d1a42f55e6d411a721dd3416581bf5ff73a9b6a30c865632691b06dc6b317c01082cd2a6a1cd2fce53a95722af80a53a55f29683e432215898075e55ae180ca65a634d706050d3282703caf129177b175ac59d64c012c0f4058263e750533a7316839ab93d471b0dd11dff19c37e34c8085be6a19ff99a838561e5532d10fd8400a5ceba3d148ef84bb8', 'Nomi', 'Barlas');
insert into accounts (id, email, salt, hash, firstName, lastName) values (default, 'udevile9@typepad.com', 'salty', '62c46d08e871406e852bf666f32dccfe2f0e962a5f1c052eeaeb3b49f804a427a06208fdfe842cac8055d8510db3a037e472f2d82e26cf68a6570e4c5f16627ce9e9bc3b99fc17b0c9d4fb18d067d2e3ab3335902628c6ae4e0ade0f7c75ebb666cd78632995d4dc9e6244693dcc2b75be0cc2f0bcfb9a934709cae74c543f57c9f7bc47511d6792729dda73379046c763f5ac6d5935f9347e8651c83adb76068929b5bc6dcc16e658d6f6075e2d53c1059955f052b90b4fc89837ff3fd82e024106f42c07f738143683f866ea73bc8ad9eb54f249205eea602389a4c626c72bc107febaeeae545f685dcfd21ca77acaa5aa0879472f1ce9153f044cb5d630157327bd74f39de7b98ffb4847dcbaa1fa4f23201e72bc5b34ad47d1fe1a56e1fc249664deb02d77bdc2d02e4e7d77889f3f8c66961a1d0d84ace4511e3d21c86a45052e9f0bbeb52fb053217d6ad5caec3f884e78abd9559bf073a7991d19997fa584435a72e1cc973a23c4c785ccaefaef1ffe69e6b2d1a42f55e6d411a721dd3416581bf5ff73a9b6a30c865632691b06dc6b317c01082cd2a6a1cd2fce53a95722af80a53a55f29683e432215898075e55ae180ca65a634d706050d3282703caf129177b175ac59d64c012c0f4058263e750533a7316839ab93d471b0dd11dff19c37e34c8085be6a19ff99a838561e5532d10fd8400a5ceba3d148ef84bb8', 'Ulrika', 'DeVile');
insert into accounts (id, email, salt, hash, firstName, lastName) values (default, 'jswepstonea@nih.gov', 'salty', '62c46d08e871406e852bf666f32dccfe2f0e962a5f1c052eeaeb3b49f804a427a06208fdfe842cac8055d8510db3a037e472f2d82e26cf68a6570e4c5f16627ce9e9bc3b99fc17b0c9d4fb18d067d2e3ab3335902628c6ae4e0ade0f7c75ebb666cd78632995d4dc9e6244693dcc2b75be0cc2f0bcfb9a934709cae74c543f57c9f7bc47511d6792729dda73379046c763f5ac6d5935f9347e8651c83adb76068929b5bc6dcc16e658d6f6075e2d53c1059955f052b90b4fc89837ff3fd82e024106f42c07f738143683f866ea73bc8ad9eb54f249205eea602389a4c626c72bc107febaeeae545f685dcfd21ca77acaa5aa0879472f1ce9153f044cb5d630157327bd74f39de7b98ffb4847dcbaa1fa4f23201e72bc5b34ad47d1fe1a56e1fc249664deb02d77bdc2d02e4e7d77889f3f8c66961a1d0d84ace4511e3d21c86a45052e9f0bbeb52fb053217d6ad5caec3f884e78abd9559bf073a7991d19997fa584435a72e1cc973a23c4c785ccaefaef1ffe69e6b2d1a42f55e6d411a721dd3416581bf5ff73a9b6a30c865632691b06dc6b317c01082cd2a6a1cd2fce53a95722af80a53a55f29683e432215898075e55ae180ca65a634d706050d3282703caf129177b175ac59d64c012c0f4058263e750533a7316839ab93d471b0dd11dff19c37e34c8085be6a19ff99a838561e5532d10fd8400a5ceba3d148ef84bb8', 'Jayme', 'Swepstone');
insert into accounts (id, email, salt, hash, firstName, lastName) values (default, 'bhandsheartb@rakuten.co.jp', 'salty', '62c46d08e871406e852bf666f32dccfe2f0e962a5f1c052eeaeb3b49f804a427a06208fdfe842cac8055d8510db3a037e472f2d82e26cf68a6570e4c5f16627ce9e9bc3b99fc17b0c9d4fb18d067d2e3ab3335902628c6ae4e0ade0f7c75ebb666cd78632995d4dc9e6244693dcc2b75be0cc2f0bcfb9a934709cae74c543f57c9f7bc47511d6792729dda73379046c763f5ac6d5935f9347e8651c83adb76068929b5bc6dcc16e658d6f6075e2d53c1059955f052b90b4fc89837ff3fd82e024106f42c07f738143683f866ea73bc8ad9eb54f249205eea602389a4c626c72bc107febaeeae545f685dcfd21ca77acaa5aa0879472f1ce9153f044cb5d630157327bd74f39de7b98ffb4847dcbaa1fa4f23201e72bc5b34ad47d1fe1a56e1fc249664deb02d77bdc2d02e4e7d77889f3f8c66961a1d0d84ace4511e3d21c86a45052e9f0bbeb52fb053217d6ad5caec3f884e78abd9559bf073a7991d19997fa584435a72e1cc973a23c4c785ccaefaef1ffe69e6b2d1a42f55e6d411a721dd3416581bf5ff73a9b6a30c865632691b06dc6b317c01082cd2a6a1cd2fce53a95722af80a53a55f29683e432215898075e55ae180ca65a634d706050d3282703caf129177b175ac59d64c012c0f4058263e750533a7316839ab93d471b0dd11dff19c37e34c8085be6a19ff99a838561e5532d10fd8400a5ceba3d148ef84bb8', 'Burty', 'Handsheart');
insert into accounts (id, email, salt, hash, firstName, lastName) values (default, 'etointonc@imgur.com', 'salty', '62c46d08e871406e852bf666f32dccfe2f0e962a5f1c052eeaeb3b49f804a427a06208fdfe842cac8055d8510db3a037e472f2d82e26cf68a6570e4c5f16627ce9e9bc3b99fc17b0c9d4fb18d067d2e3ab3335902628c6ae4e0ade0f7c75ebb666cd78632995d4dc9e6244693dcc2b75be0cc2f0bcfb9a934709cae74c543f57c9f7bc47511d6792729dda73379046c763f5ac6d5935f9347e8651c83adb76068929b5bc6dcc16e658d6f6075e2d53c1059955f052b90b4fc89837ff3fd82e024106f42c07f738143683f866ea73bc8ad9eb54f249205eea602389a4c626c72bc107febaeeae545f685dcfd21ca77acaa5aa0879472f1ce9153f044cb5d630157327bd74f39de7b98ffb4847dcbaa1fa4f23201e72bc5b34ad47d1fe1a56e1fc249664deb02d77bdc2d02e4e7d77889f3f8c66961a1d0d84ace4511e3d21c86a45052e9f0bbeb52fb053217d6ad5caec3f884e78abd9559bf073a7991d19997fa584435a72e1cc973a23c4c785ccaefaef1ffe69e6b2d1a42f55e6d411a721dd3416581bf5ff73a9b6a30c865632691b06dc6b317c01082cd2a6a1cd2fce53a95722af80a53a55f29683e432215898075e55ae180ca65a634d706050d3282703caf129177b175ac59d64c012c0f4058263e750533a7316839ab93d471b0dd11dff19c37e34c8085be6a19ff99a838561e5532d10fd8400a5ceba3d148ef84bb8', 'Ely', 'Tointon');
insert into accounts (id, email, salt, hash, firstName, lastName) values (default, 'jglyssanned@friendfeed.com', 'salty', '62c46d08e871406e852bf666f32dccfe2f0e962a5f1c052eeaeb3b49f804a427a06208fdfe842cac8055d8510db3a037e472f2d82e26cf68a6570e4c5f16627ce9e9bc3b99fc17b0c9d4fb18d067d2e3ab3335902628c6ae4e0ade0f7c75ebb666cd78632995d4dc9e6244693dcc2b75be0cc2f0bcfb9a934709cae74c543f57c9f7bc47511d6792729dda73379046c763f5ac6d5935f9347e8651c83adb76068929b5bc6dcc16e658d6f6075e2d53c1059955f052b90b4fc89837ff3fd82e024106f42c07f738143683f866ea73bc8ad9eb54f249205eea602389a4c626c72bc107febaeeae545f685dcfd21ca77acaa5aa0879472f1ce9153f044cb5d630157327bd74f39de7b98ffb4847dcbaa1fa4f23201e72bc5b34ad47d1fe1a56e1fc249664deb02d77bdc2d02e4e7d77889f3f8c66961a1d0d84ace4511e3d21c86a45052e9f0bbeb52fb053217d6ad5caec3f884e78abd9559bf073a7991d19997fa584435a72e1cc973a23c4c785ccaefaef1ffe69e6b2d1a42f55e6d411a721dd3416581bf5ff73a9b6a30c865632691b06dc6b317c01082cd2a6a1cd2fce53a95722af80a53a55f29683e432215898075e55ae180ca65a634d706050d3282703caf129177b175ac59d64c012c0f4058263e750533a7316839ab93d471b0dd11dff19c37e34c8085be6a19ff99a838561e5532d10fd8400a5ceba3d148ef84bb8', 'Jacinta', 'Glyssanne');
insert into accounts (id, email, salt, hash, firstName, lastName) values (default, 'zgriswaitee@lycos.com', 'salty', '62c46d08e871406e852bf666f32dccfe2f0e962a5f1c052eeaeb3b49f804a427a06208fdfe842cac8055d8510db3a037e472f2d82e26cf68a6570e4c5f16627ce9e9bc3b99fc17b0c9d4fb18d067d2e3ab3335902628c6ae4e0ade0f7c75ebb666cd78632995d4dc9e6244693dcc2b75be0cc2f0bcfb9a934709cae74c543f57c9f7bc47511d6792729dda73379046c763f5ac6d5935f9347e8651c83adb76068929b5bc6dcc16e658d6f6075e2d53c1059955f052b90b4fc89837ff3fd82e024106f42c07f738143683f866ea73bc8ad9eb54f249205eea602389a4c626c72bc107febaeeae545f685dcfd21ca77acaa5aa0879472f1ce9153f044cb5d630157327bd74f39de7b98ffb4847dcbaa1fa4f23201e72bc5b34ad47d1fe1a56e1fc249664deb02d77bdc2d02e4e7d77889f3f8c66961a1d0d84ace4511e3d21c86a45052e9f0bbeb52fb053217d6ad5caec3f884e78abd9559bf073a7991d19997fa584435a72e1cc973a23c4c785ccaefaef1ffe69e6b2d1a42f55e6d411a721dd3416581bf5ff73a9b6a30c865632691b06dc6b317c01082cd2a6a1cd2fce53a95722af80a53a55f29683e432215898075e55ae180ca65a634d706050d3282703caf129177b175ac59d64c012c0f4058263e750533a7316839ab93d471b0dd11dff19c37e34c8085be6a19ff99a838561e5532d10fd8400a5ceba3d148ef84bb8', 'Zelda', 'Griswaite');
insert into accounts (id, email, salt, hash, firstName, lastName) values (default, 'wgendrichf@disqus.com', 'salty', '62c46d08e871406e852bf666f32dccfe2f0e962a5f1c052eeaeb3b49f804a427a06208fdfe842cac8055d8510db3a037e472f2d82e26cf68a6570e4c5f16627ce9e9bc3b99fc17b0c9d4fb18d067d2e3ab3335902628c6ae4e0ade0f7c75ebb666cd78632995d4dc9e6244693dcc2b75be0cc2f0bcfb9a934709cae74c543f57c9f7bc47511d6792729dda73379046c763f5ac6d5935f9347e8651c83adb76068929b5bc6dcc16e658d6f6075e2d53c1059955f052b90b4fc89837ff3fd82e024106f42c07f738143683f866ea73bc8ad9eb54f249205eea602389a4c626c72bc107febaeeae545f685dcfd21ca77acaa5aa0879472f1ce9153f044cb5d630157327bd74f39de7b98ffb4847dcbaa1fa4f23201e72bc5b34ad47d1fe1a56e1fc249664deb02d77bdc2d02e4e7d77889f3f8c66961a1d0d84ace4511e3d21c86a45052e9f0bbeb52fb053217d6ad5caec3f884e78abd9559bf073a7991d19997fa584435a72e1cc973a23c4c785ccaefaef1ffe69e6b2d1a42f55e6d411a721dd3416581bf5ff73a9b6a30c865632691b06dc6b317c01082cd2a6a1cd2fce53a95722af80a53a55f29683e432215898075e55ae180ca65a634d706050d3282703caf129177b175ac59d64c012c0f4058263e750533a7316839ab93d471b0dd11dff19c37e34c8085be6a19ff99a838561e5532d10fd8400a5ceba3d148ef84bb8', 'Wilie', 'Gendrich');
insert into accounts (id, email, salt, hash, firstName, lastName) values (default, 'epeeverg@weebly.com', 'salty', '62c46d08e871406e852bf666f32dccfe2f0e962a5f1c052eeaeb3b49f804a427a06208fdfe842cac8055d8510db3a037e472f2d82e26cf68a6570e4c5f16627ce9e9bc3b99fc17b0c9d4fb18d067d2e3ab3335902628c6ae4e0ade0f7c75ebb666cd78632995d4dc9e6244693dcc2b75be0cc2f0bcfb9a934709cae74c543f57c9f7bc47511d6792729dda73379046c763f5ac6d5935f9347e8651c83adb76068929b5bc6dcc16e658d6f6075e2d53c1059955f052b90b4fc89837ff3fd82e024106f42c07f738143683f866ea73bc8ad9eb54f249205eea602389a4c626c72bc107febaeeae545f685dcfd21ca77acaa5aa0879472f1ce9153f044cb5d630157327bd74f39de7b98ffb4847dcbaa1fa4f23201e72bc5b34ad47d1fe1a56e1fc249664deb02d77bdc2d02e4e7d77889f3f8c66961a1d0d84ace4511e3d21c86a45052e9f0bbeb52fb053217d6ad5caec3f884e78abd9559bf073a7991d19997fa584435a72e1cc973a23c4c785ccaefaef1ffe69e6b2d1a42f55e6d411a721dd3416581bf5ff73a9b6a30c865632691b06dc6b317c01082cd2a6a1cd2fce53a95722af80a53a55f29683e432215898075e55ae180ca65a634d706050d3282703caf129177b175ac59d64c012c0f4058263e750533a7316839ab93d471b0dd11dff19c37e34c8085be6a19ff99a838561e5532d10fd8400a5ceba3d148ef84bb8', 'Earvin', 'Peever');
insert into accounts (id, email, salt, hash, firstName, lastName) values (default, 'svarndellh@squarespace.com', 'salty', '62c46d08e871406e852bf666f32dccfe2f0e962a5f1c052eeaeb3b49f804a427a06208fdfe842cac8055d8510db3a037e472f2d82e26cf68a6570e4c5f16627ce9e9bc3b99fc17b0c9d4fb18d067d2e3ab3335902628c6ae4e0ade0f7c75ebb666cd78632995d4dc9e6244693dcc2b75be0cc2f0bcfb9a934709cae74c543f57c9f7bc47511d6792729dda73379046c763f5ac6d5935f9347e8651c83adb76068929b5bc6dcc16e658d6f6075e2d53c1059955f052b90b4fc89837ff3fd82e024106f42c07f738143683f866ea73bc8ad9eb54f249205eea602389a4c626c72bc107febaeeae545f685dcfd21ca77acaa5aa0879472f1ce9153f044cb5d630157327bd74f39de7b98ffb4847dcbaa1fa4f23201e72bc5b34ad47d1fe1a56e1fc249664deb02d77bdc2d02e4e7d77889f3f8c66961a1d0d84ace4511e3d21c86a45052e9f0bbeb52fb053217d6ad5caec3f884e78abd9559bf073a7991d19997fa584435a72e1cc973a23c4c785ccaefaef1ffe69e6b2d1a42f55e6d411a721dd3416581bf5ff73a9b6a30c865632691b06dc6b317c01082cd2a6a1cd2fce53a95722af80a53a55f29683e432215898075e55ae180ca65a634d706050d3282703caf129177b175ac59d64c012c0f4058263e750533a7316839ab93d471b0dd11dff19c37e34c8085be6a19ff99a838561e5532d10fd8400a5ceba3d148ef84bb8', 'Sharron', 'Varndell');
insert into accounts (id, email, salt, hash, firstName, lastName) values (default, 'deickhoffi@google.nl', 'salty', '62c46d08e871406e852bf666f32dccfe2f0e962a5f1c052eeaeb3b49f804a427a06208fdfe842cac8055d8510db3a037e472f2d82e26cf68a6570e4c5f16627ce9e9bc3b99fc17b0c9d4fb18d067d2e3ab3335902628c6ae4e0ade0f7c75ebb666cd78632995d4dc9e6244693dcc2b75be0cc2f0bcfb9a934709cae74c543f57c9f7bc47511d6792729dda73379046c763f5ac6d5935f9347e8651c83adb76068929b5bc6dcc16e658d6f6075e2d53c1059955f052b90b4fc89837ff3fd82e024106f42c07f738143683f866ea73bc8ad9eb54f249205eea602389a4c626c72bc107febaeeae545f685dcfd21ca77acaa5aa0879472f1ce9153f044cb5d630157327bd74f39de7b98ffb4847dcbaa1fa4f23201e72bc5b34ad47d1fe1a56e1fc249664deb02d77bdc2d02e4e7d77889f3f8c66961a1d0d84ace4511e3d21c86a45052e9f0bbeb52fb053217d6ad5caec3f884e78abd9559bf073a7991d19997fa584435a72e1cc973a23c4c785ccaefaef1ffe69e6b2d1a42f55e6d411a721dd3416581bf5ff73a9b6a30c865632691b06dc6b317c01082cd2a6a1cd2fce53a95722af80a53a55f29683e432215898075e55ae180ca65a634d706050d3282703caf129177b175ac59d64c012c0f4058263e750533a7316839ab93d471b0dd11dff19c37e34c8085be6a19ff99a838561e5532d10fd8400a5ceba3d148ef84bb8', 'Darleen', 'Eickhoff');
insert into accounts (id, email, salt, hash, firstName, lastName) values (default, 'edomercj@miitbeian.gov.cn', 'salty', '62c46d08e871406e852bf666f32dccfe2f0e962a5f1c052eeaeb3b49f804a427a06208fdfe842cac8055d8510db3a037e472f2d82e26cf68a6570e4c5f16627ce9e9bc3b99fc17b0c9d4fb18d067d2e3ab3335902628c6ae4e0ade0f7c75ebb666cd78632995d4dc9e6244693dcc2b75be0cc2f0bcfb9a934709cae74c543f57c9f7bc47511d6792729dda73379046c763f5ac6d5935f9347e8651c83adb76068929b5bc6dcc16e658d6f6075e2d53c1059955f052b90b4fc89837ff3fd82e024106f42c07f738143683f866ea73bc8ad9eb54f249205eea602389a4c626c72bc107febaeeae545f685dcfd21ca77acaa5aa0879472f1ce9153f044cb5d630157327bd74f39de7b98ffb4847dcbaa1fa4f23201e72bc5b34ad47d1fe1a56e1fc249664deb02d77bdc2d02e4e7d77889f3f8c66961a1d0d84ace4511e3d21c86a45052e9f0bbeb52fb053217d6ad5caec3f884e78abd9559bf073a7991d19997fa584435a72e1cc973a23c4c785ccaefaef1ffe69e6b2d1a42f55e6d411a721dd3416581bf5ff73a9b6a30c865632691b06dc6b317c01082cd2a6a1cd2fce53a95722af80a53a55f29683e432215898075e55ae180ca65a634d706050d3282703caf129177b175ac59d64c012c0f4058263e750533a7316839ab93d471b0dd11dff19c37e34c8085be6a19ff99a838561e5532d10fd8400a5ceba3d148ef84bb8', 'Erhard', 'Domerc');

/* Admin Accounts */
insert into accounts (email, salt, hash, firstName, lastName) values ('admin1@task.master', 'superSalty', '1f1fb15818413c3bf042bada6f0bb79864efc10c902f7ca3d1d6964cc2778638f0a7dff79cae23cde00902bde5d81958f38d5df08944e83b0b93a9484c9d9699c38e93f1693f0626ecb7316a75294d631342ad9ed5780be8de2db7de9d757f781aca47225754219d41cf650343395aab8d4489d29d351cad98111bf1b1bce51a76298213b4b98f030fa9b61b44fe9df83ba3282504caa83a35644a0f50653950f62e85dce595eb74f708932426ac43790254aa6cb98f21f1c78afebcc104308cd231d05c17e72cd398bac813f0cda2c6ec0692395a5d239fd211fbdc2d258d89d6fdd2034e22444747482ca6f059f443a9d634fe8f861a0edc1bb2591c5e9656e530e44577f9d295c9b9b84755d91fc8a24ecb768652bd3fc117e5be3441a060ce7f8dfbb0ea891f86d1603496d148c48145137a767862c9a3c8977bf775221d6110749663a2c72716ca9d9ea265d171bcfbe603e155e3712ca4eda49f8685834f666eab4d6919fb79a7c473d48a679ce91566856db1b8d7ead91bb6a4c01cf021bac5fb4a05c200aef7aa6325e89088a6e4b06be87028cacc4f67facdfcf03998ccedbe5a83ee786a0a16fbfe7645afca4704a32887bb61f8d6d1f6222fb5109df412e6d537b9a59bc708dd4293141bbc5533e50e536befed8508f25a494d0aaac01989b781cc9509f095300a5dc301ea804710d8585eeb4b6991a5dde2be63', 'Mr.', 'Admin 1');
insert into accounts (email, salt, hash, firstName, lastName) values ('admin2@task.master', 'superSalty', '1f1fb15818413c3bf042bada6f0bb79864efc10c902f7ca3d1d6964cc2778638f0a7dff79cae23cde00902bde5d81958f38d5df08944e83b0b93a9484c9d9699c38e93f1693f0626ecb7316a75294d631342ad9ed5780be8de2db7de9d757f781aca47225754219d41cf650343395aab8d4489d29d351cad98111bf1b1bce51a76298213b4b98f030fa9b61b44fe9df83ba3282504caa83a35644a0f50653950f62e85dce595eb74f708932426ac43790254aa6cb98f21f1c78afebcc104308cd231d05c17e72cd398bac813f0cda2c6ec0692395a5d239fd211fbdc2d258d89d6fdd2034e22444747482ca6f059f443a9d634fe8f861a0edc1bb2591c5e9656e530e44577f9d295c9b9b84755d91fc8a24ecb768652bd3fc117e5be3441a060ce7f8dfbb0ea891f86d1603496d148c48145137a767862c9a3c8977bf775221d6110749663a2c72716ca9d9ea265d171bcfbe603e155e3712ca4eda49f8685834f666eab4d6919fb79a7c473d48a679ce91566856db1b8d7ead91bb6a4c01cf021bac5fb4a05c200aef7aa6325e89088a6e4b06be87028cacc4f67facdfcf03998ccedbe5a83ee786a0a16fbfe7645afca4704a32887bb61f8d6d1f6222fb5109df412e6d537b9a59bc708dd4293141bbc5533e50e536befed8508f25a494d0aaac01989b781cc9509f095300a5dc301ea804710d8585eeb4b6991a5dde2be63', 'Mr.', 'Admin 2');
insert into accounts (email, salt, hash, firstName, lastName) values ('admin3@task.master', 'superSalty', '1f1fb15818413c3bf042bada6f0bb79864efc10c902f7ca3d1d6964cc2778638f0a7dff79cae23cde00902bde5d81958f38d5df08944e83b0b93a9484c9d9699c38e93f1693f0626ecb7316a75294d631342ad9ed5780be8de2db7de9d757f781aca47225754219d41cf650343395aab8d4489d29d351cad98111bf1b1bce51a76298213b4b98f030fa9b61b44fe9df83ba3282504caa83a35644a0f50653950f62e85dce595eb74f708932426ac43790254aa6cb98f21f1c78afebcc104308cd231d05c17e72cd398bac813f0cda2c6ec0692395a5d239fd211fbdc2d258d89d6fdd2034e22444747482ca6f059f443a9d634fe8f861a0edc1bb2591c5e9656e530e44577f9d295c9b9b84755d91fc8a24ecb768652bd3fc117e5be3441a060ce7f8dfbb0ea891f86d1603496d148c48145137a767862c9a3c8977bf775221d6110749663a2c72716ca9d9ea265d171bcfbe603e155e3712ca4eda49f8685834f666eab4d6919fb79a7c473d48a679ce91566856db1b8d7ead91bb6a4c01cf021bac5fb4a05c200aef7aa6325e89088a6e4b06be87028cacc4f67facdfcf03998ccedbe5a83ee786a0a16fbfe7645afca4704a32887bb61f8d6d1f6222fb5109df412e6d537b9a59bc708dd4293141bbc5533e50e536befed8508f25a494d0aaac01989b781cc9509f095300a5dc301ea804710d8585eeb4b6991a5dde2be63', 'Mr.', 'Admin 3');
insert into accounts (email, salt, hash, firstName, lastName) values ('admin4@task.master', 'superSalty', '1f1fb15818413c3bf042bada6f0bb79864efc10c902f7ca3d1d6964cc2778638f0a7dff79cae23cde00902bde5d81958f38d5df08944e83b0b93a9484c9d9699c38e93f1693f0626ecb7316a75294d631342ad9ed5780be8de2db7de9d757f781aca47225754219d41cf650343395aab8d4489d29d351cad98111bf1b1bce51a76298213b4b98f030fa9b61b44fe9df83ba3282504caa83a35644a0f50653950f62e85dce595eb74f708932426ac43790254aa6cb98f21f1c78afebcc104308cd231d05c17e72cd398bac813f0cda2c6ec0692395a5d239fd211fbdc2d258d89d6fdd2034e22444747482ca6f059f443a9d634fe8f861a0edc1bb2591c5e9656e530e44577f9d295c9b9b84755d91fc8a24ecb768652bd3fc117e5be3441a060ce7f8dfbb0ea891f86d1603496d148c48145137a767862c9a3c8977bf775221d6110749663a2c72716ca9d9ea265d171bcfbe603e155e3712ca4eda49f8685834f666eab4d6919fb79a7c473d48a679ce91566856db1b8d7ead91bb6a4c01cf021bac5fb4a05c200aef7aa6325e89088a6e4b06be87028cacc4f67facdfcf03998ccedbe5a83ee786a0a16fbfe7645afca4704a32887bb61f8d6d1f6222fb5109df412e6d537b9a59bc708dd4293141bbc5533e50e536befed8508f25a494d0aaac01989b781cc9509f095300a5dc301ea804710d8585eeb4b6991a5dde2be63', 'Mr.', 'Admin 4');
insert into accounts (email, salt, hash, firstName, lastName) values ('admin5@task.master', 'superSalty', '1f1fb15818413c3bf042bada6f0bb79864efc10c902f7ca3d1d6964cc2778638f0a7dff79cae23cde00902bde5d81958f38d5df08944e83b0b93a9484c9d9699c38e93f1693f0626ecb7316a75294d631342ad9ed5780be8de2db7de9d757f781aca47225754219d41cf650343395aab8d4489d29d351cad98111bf1b1bce51a76298213b4b98f030fa9b61b44fe9df83ba3282504caa83a35644a0f50653950f62e85dce595eb74f708932426ac43790254aa6cb98f21f1c78afebcc104308cd231d05c17e72cd398bac813f0cda2c6ec0692395a5d239fd211fbdc2d258d89d6fdd2034e22444747482ca6f059f443a9d634fe8f861a0edc1bb2591c5e9656e530e44577f9d295c9b9b84755d91fc8a24ecb768652bd3fc117e5be3441a060ce7f8dfbb0ea891f86d1603496d148c48145137a767862c9a3c8977bf775221d6110749663a2c72716ca9d9ea265d171bcfbe603e155e3712ca4eda49f8685834f666eab4d6919fb79a7c473d48a679ce91566856db1b8d7ead91bb6a4c01cf021bac5fb4a05c200aef7aa6325e89088a6e4b06be87028cacc4f67facdfcf03998ccedbe5a83ee786a0a16fbfe7645afca4704a32887bb61f8d6d1f6222fb5109df412e6d537b9a59bc708dd4293141bbc5533e50e536befed8508f25a494d0aaac01989b781cc9509f095300a5dc301ea804710d8585eeb4b6991a5dde2be63', 'Mr.', 'Admin 5');


/**********************************************
***********************************************
==================== USERS ====================
***********************************************
**********************************************/
insert into users (id, phone, address) values (1, '+62 (736) 697-3427', null);
insert into users (id, phone, address) values (2, '+974 (343) 435-1083', '49645 Golf Court');
insert into users (id, phone, address) values (3, '+86 (701) 416-5748', '548 Kensington Center');
insert into users (id, phone, address) values (4, '+81 (836) 225-0444', '04155 Esch Pass');
insert into users (id, phone, address) values (5, '+380 (671) 945-3200', '00 Mandrake Drive');
insert into users (id, phone, address) values (6, '+57 (411) 214-9911', null);
insert into users (id, phone, address) values (7, '+351 (148) 666-0780', '80 Dunning Hill');
insert into users (id, phone, address) values (8, '+7 (574) 770-4154', null);
insert into users (id, phone, address) values (9, '+506 (543) 586-0299', '870 Crowley Hill');
insert into users (id, phone, address) values (10, '+62 (749) 300-6384', '85518 Russell Circle');
insert into users (id, phone, address) values (11, '+52 (724) 513-2552', '44988 Algoma Junction');
insert into users (id, phone, address) values (12, '+1 (470) 795-6581', null);
insert into users (id, phone, address) values (13, '+1 (853) 656-7325', '05566 Huxley Circle');
insert into users (id, phone, address) values (14, '+46 (257) 435-9792', '4 Heffernan Park');
insert into users (id, phone, address) values (15, '+86 (568) 584-5582', '29 Morningstar Court');
insert into users (id, phone, address) values (16, '+856 (716) 828-0742', null);
insert into users (id, phone, address) values (17, '+1 (485) 182-1743', '68 American Crossing');
insert into users (id, phone, address) values (18, '+353 (215) 391-4993', '3686 Hudson Hill');
insert into users (id, phone, address) values (19, '+254 (421) 415-0645', '037 Holmberg Alley');
insert into users (id, phone, address) values (20, '+351 (483) 147-7667', '99 Gulseth Pass');
/**********************************************
***********************************************
=================== WORKERS ===================
***********************************************
**********************************************/
insert into workers (id, phone) values (21, '+30 (989) 316-0676');
insert into workers (id, phone) values (22, '+86 (352) 228-7110');
insert into workers (id, phone) values (23, '+46 (218) 498-8793');
insert into workers (id, phone) values (24, '+420 (708) 840-2674');
insert into workers (id, phone) values (25, '+86 (205) 771-3307');
insert into workers (id, phone) values (26, '+33 (769) 725-8301');
insert into workers (id, phone) values (27, '+235 (764) 187-0017');
insert into workers (id, phone) values (28, '+7 (439) 206-4764');
insert into workers (id, phone) values (29, '+54 (185) 452-8016');
insert into workers (id, phone) values (30, '+54 (602) 647-2990');
insert into workers (id, phone) values (31, '+48 (285) 927-3357');
insert into workers (id, phone) values (32, '+355 (397) 214-3950');
insert into workers (id, phone) values (33, '+51 (950) 299-1255');
insert into workers (id, phone) values (34, '+86 (167) 596-4978');
insert into workers (id, phone) values (35, '+1 (701) 376-2408');
insert into workers (id, phone) values (36, '+7 (825) 501-0451');
insert into workers (id, phone) values (37, '+49 (874) 265-1860');
insert into workers (id, phone) values (38, '+60 (520) 963-8213');
insert into workers (id, phone) values (39, '+591 (441) 919-6564');
insert into workers (id, phone) values (40, '+62 (764) 837-5339');
/**********************************************
***********************************************
==================== ADMINS ===================
***********************************************
**********************************************/
insert into admins (id) values (41);
insert into admins (id) values (42);
insert into admins (id) values (43);
insert into admins (id) values (44);
insert into admins (id) values (45);

/**********************************************
***********************************************
================== CATEGORIES =================
***********************************************
**********************************************/
insert into categories (catId, name) values (default, 'General Repair');
insert into categories (catId, name) values (default, 'Electrical Repair');
insert into categories (catId, name) values (default, 'Cleaning');
insert into categories (catId, name) values (default, 'Other');

/**********************************************
***********************************************
=================== REGIONS ===================
***********************************************
**********************************************/
insert into cityregions (regionId, name) values (default, 'Bedok');
insert into cityregions (regionId, name) values (default, 'Kallang');
insert into cityregions (regionId, name) values (default, 'Bukit Merah');
insert into cityregions (regionId, name) values (default, 'Pasir Panjang');
insert into cityregions (regionId, name) values (default, 'Queenstown');

/**********************************************
***********************************************
================== SERVICES ===================
***********************************************
**********************************************/
insert into services (serviceId, name, price, workerId, catId, regionId) values (default, 'Full Cleaning', 15, 21, 2, 2);
insert into services (serviceId, name, price, workerId, catId, regionId) values (default, 'Electrical', 21, 38, 1, 5);
insert into services (serviceId, name, price, workerId, catId, regionId) values (default, 'Wall Painting', 16, 38, 3, 1);
insert into services (serviceId, name, price, workerId, catId, regionId) values (default, 'Electrical', 18, 25, 4, 4);
insert into services (serviceId, name, price, workerId, catId, regionId) values (default, 'Wall Painting', 16, 21, 1, 5);
insert into services (serviceId, name, price, workerId, catId, regionId) values (default, 'Full Cleaning', 14, 29, 4, 1);
insert into services (serviceId, name, price, workerId, catId, regionId) values (default, 'Car Wash', 22, 23, 1, 2);
insert into services (serviceId, name, price, workerId, catId, regionId) values (default, 'Pipe Repair', 10, 35, 2, 5);
insert into services (serviceId, name, price, workerId, catId, regionId) values (default, 'Pipe Repair', 11, 33, 1, 5);
insert into services (serviceId, name, price, workerId, catId, regionId) values (default, 'Car Wash', 13, 31, 3, 2);
insert into services (serviceId, name, price, workerId, catId, regionId) values (default, 'Electrical', 11, 34, 1, 5);
insert into services (serviceId, name, price, workerId, catId, regionId) values (default, 'Car Wash', 15, 40, 4, 2);
insert into services (serviceId, name, price, workerId, catId, regionId) values (default, 'Electrical', 23, 37, 1, 5);
insert into services (serviceId, name, price, workerId, catId, regionId) values (default, 'Full Cleaning', 6, 23, 2, 2);
insert into services (serviceId, name, price, workerId, catId, regionId) values (default, 'Full Cleaning', 17, 31, 1, 3);
insert into services (serviceId, name, price, workerId, catId, regionId) values (default, 'Pipe Repair', 15, 22, 2, 5);
insert into services (serviceId, name, price, workerId, catId, regionId) values (default, 'Wall Painting', 5, 28, 3, 4);
insert into services (serviceId, name, price, workerId, catId, regionId) values (default, 'Wall Painting', 17, 36, 4, 2);
insert into services (serviceId, name, price, workerId, catId, regionId) values (default, 'Pipe Repair', 18, 33, 4, 2);
insert into services (serviceId, name, price, workerId, catId, regionId) values (default, 'Full Cleaning', 15, 38, 4, 4);

/**********************************************
***********************************************
================== APPROVES ===================
***********************************************
**********************************************/
insert into approves (workerId, approved, adminId) values (21, true, 41);
insert into approves (workerId, approved, adminId) values (22, true, 41);
insert into approves (workerId, approved, adminId) values (23, true, 41);
insert into approves (workerId, approved, adminId) values (24, true, 41);
insert into approves (workerId, approved, adminId) values (25, true, 41);
insert into approves (workerId, approved, adminId) values (26, true, 41);
insert into approves (workerId, approved, adminId) values (27, true, 41);
insert into approves (workerId, approved, adminId) values (28, true, 41);
insert into approves (workerId, approved, adminId) values (29, true, 41);
insert into approves (workerId, approved, adminId) values (30, true, 41);
insert into approves (workerId, approved, adminId) values (31, true, 41);
insert into approves (workerId, approved, adminId) values (32, true, 41);
insert into approves (workerId, approved, adminId) values (33, true, 41);
insert into approves (workerId, approved, adminId) values (34, true, 41);
insert into approves (workerId, approved, adminId) values (35, true, 41);
insert into approves (workerId, approved, adminId) values (36, true, 41);
insert into approves (workerId, approved, adminId) values (37, true, 41);
insert into approves (workerId, approved, adminId) values (38, true, 41);
insert into approves (workerId, approved, adminId) values (39, true, 41);
insert into approves (workerId, approved, adminId) values (40, true, 41);

/**********************************************
***********************************************
=================== BILLING ===================
***********************************************
**********************************************/
insert into billingdetails (cardnumber, expdate, cvv) values ('3561686194236825', '26/99', '985');
insert into billingdetails (cardnumber, expdate, cvv) values ('6759650688272741', '06/63', '581');
insert into billingdetails (cardnumber, expdate, cvv) values ('3531263062654112', '17/09', '791');
insert into billingdetails (cardnumber, expdate, cvv) values ('5459595095872945', '84/15', '040');
insert into billingdetails (cardnumber, expdate, cvv) values ('6709259575774222', '47/91', '698');
insert into billingdetails (cardnumber, expdate, cvv) values ('6333975306849681', '37/09', '085');
insert into billingdetails (cardnumber, expdate, cvv) values ('3580417032653329', '01/53', '403');
insert into billingdetails (cardnumber, expdate, cvv) values ('3570249476536344', '87/85', '222');
insert into billingdetails (cardnumber, expdate, cvv) values ('5602240655319070', '47/83', '121');
insert into billingdetails (cardnumber, expdate, cvv) values ('5893801912974359', '97/53', '013');

/**********************************************
***********************************************
=================== REVIEWS ===================
***********************************************
**********************************************/
insert into reviews (rating, review) values (5, 'Amazing service, on-time, great quality');
insert into reviews (rating, review) values (2, 'Was late and did a sloppy job');
insert into reviews (rating, review) values (4, 'Pretty good service');

/**********************************************
***********************************************
=================== BOOKINGS ==================
***********************************************
**********************************************/
insert into bookingdetails (starttime, endtime, address, billingid, userid, workerid, serviceid) values ('2019-06-05 15:00', '2019-06-05 17:30', '49645 Golf Court', 1, 2, 29, 6);
insert into bookingdetails (starttime, endtime, address, billingid, userid, workerid, serviceid, reviewid) values ('2019-03-05 15:00', '2019-03-05 17:30', '49645 Golf Court', 2, 2, 29, 6, 1);
insert into bookingdetails (starttime, endtime, address, billingid, userid, workerid, serviceid, reviewid) values ('2019-03-05 15:00', '2019-03-05 17:30', '49645 Golf Court', 3, 3, 33, 19, 2);
insert into bookingdetails (starttime, endtime, address, billingid, userid, workerid, serviceid) values ('2019-03-05 15:00', '2019-03-05 17:30', '49645 Golf Court', 4, 4, 33, 9);
insert into bookingdetails (starttime, endtime, address, billingid, userid, workerid, serviceid) values ('2019-05-05 15:00', '2019-05-05 17:15', '49645 Golf Court', 5, 4, 31, 15);
insert into bookingdetails (starttime, endtime, address, billingid, userid, workerid, serviceid) values ('2019-03-05 15:00', '2019-03-05 17:30', '49645 Golf Court', 6, 7, 38, 2);
insert into bookingdetails (starttime, endtime, address, billingid, userid, workerid, serviceid, reviewid) values ('2019-03-05 15:00', '2019-03-05 17:30', '49645 Golf Court', 7, 8, 38, 3, 3);
insert into bookingdetails (starttime, endtime, address, billingid, userid, workerid, serviceid) values ('2019-02-05 15:00', '2019-02-05 18:30', '49645 Golf Court', 8, 9, 21, 5);
insert into bookingdetails (starttime, endtime, address, billingid, userid, workerid, serviceid) values ('2019-07-05 15:00', '2019-07-05 17:00', '49645 Golf Court', 9, 9, 29, 6);

/**********************************************
***********************************************
================ AVAILABILITY =================
***********************************************
**********************************************/
insert into AVAILABILITY (workerid, starttime, endtime) values (21, '2019-06-05 15:00', '2019-06-12 15:00');
insert into AVAILABILITY (workerid, starttime, endtime) values (22, '2019-06-06 15:00', '2019-06-13 15:00');
insert into AVAILABILITY (workerid, starttime, endtime) values (23, '2019-06-05 14:00', '2019-06-12 15:00');
insert into AVAILABILITY (workerid, starttime, endtime) values (24, '2019-06-05 15:00', '2019-06-12 18:00');
insert into AVAILABILITY (workerid, starttime, endtime) values (25, '2019-07-05 15:00', '2019-07-12 15:00');
insert into AVAILABILITY (workerid, starttime, endtime) values (26, '2019-06-18 15:00', '2019-06-28 15:00');
insert into AVAILABILITY (workerid, starttime, endtime) values (27, '2019-06-05 15:35', '2019-06-12 17:00');
insert into AVAILABILITY (workerid, starttime, endtime) values (28, '2019-06-15 15:00', '2019-06-17 15:00');
insert into AVAILABILITY (workerid, starttime, endtime) values (29, '2019-06-05 15:00', '2019-06-12 15:00');
insert into AVAILABILITY (workerid, starttime, endtime) values (30, '2019-06-10 15:00', '2019-06-12 19:00');
insert into AVAILABILITY (workerid, starttime, endtime) values (31, '2019-06-05 15:00', '2019-06-12 15:00');
insert into AVAILABILITY (workerid, starttime, endtime) values (32, '2019-06-03 15:00', '2019-06-12 09:00');

/**********************************************
***********************************************
================ DISCOUNTS ====================
***********************************************
**********************************************/
insert into discounts (promocode, amount, percent) values ('NICE', null, 10);
insert into discounts (promocode, amount, percent) values ('SPECIAL', null, 5);
insert into discounts (promocode, amount, percent) values ('FREE', 5, null);
insert into discounts (promocode, amount, percent) values ('CODE', 25, null);
insert into discounts (promocode, amount, percent) values ('NEW', null, 15);
