/**********************************************
***********************************************
==================== USERS ====================
***********************************************
**********************************************/
insert into users (userId, firstName, lastName, email, phone, address) values (1, 'Jarret', 'Aphale', 'japhale0@si.edu', '+62 (736) 697-3427', null);
insert into users (userId, firstName, lastName, email, phone, address) values (2, 'Caitrin', 'Blogg', 'cblogg1@vistaprint.com', '+974 (343) 435-1083', '49645 Golf Court');
insert into users (userId, firstName, lastName, email, phone, address) values (3, 'Lorine', 'Berick', 'lberick2@pagesperso-orange.fr', '+86 (701) 416-5748', '548 Kensington Center');
insert into users (userId, firstName, lastName, email, phone, address) values (4, 'Natalina', 'Tupling', 'ntupling3@netlog.com', '+81 (836) 225-0444', '04155 Esch Pass');
insert into users (userId, firstName, lastName, email, phone, address) values (5, 'Zuzana', 'Ollin', 'zollin4@nifty.com', '+380 (671) 945-3200', '00 Mandrake Drive');
insert into users (userId, firstName, lastName, email, phone, address) values (6, 'Dianne', 'Kinnerk', 'dkinnerk5@tripod.com', '+57 (411) 214-9911', null);
insert into users (userId, firstName, lastName, email, phone, address) values (7, 'Vachel', 'Bulleyn', 'vbulleyn6@wikipedia.org', '+351 (148) 666-0780', '80 Dunning Hill');
insert into users (userId, firstName, lastName, email, phone, address) values (8, 'Shermie', 'Winchcombe', 'swinchcombe7@infoseek.co.jp', '+7 (574) 770-4154', null);
insert into users (userId, firstName, lastName, email, phone, address) values (9, 'Janna', 'Batecok', 'jbatecok8@unicef.org', '+506 (543) 586-0299', '870 Crowley Hill');
insert into users (userId, firstName, lastName, email, phone, address) values (10, 'Max', 'Youles', 'myoules9@census.gov', '+62 (749) 300-6384', '85518 Russell Circle');
insert into users (userId, firstName, lastName, email, phone, address) values (11, 'Elisha', 'Dalmon', 'edalmona@redcross.org', '+52 (724) 513-2552', '44988 Algoma Junction');
insert into users (userId, firstName, lastName, email, phone, address) values (12, 'Eddie', 'Beri', 'eberib@ebay.com', '+1 (470) 795-6581', null);
insert into users (userId, firstName, lastName, email, phone, address) values (13, 'Laurence', 'Helm', 'lhelmc@tamu.edu', '+1 (853) 656-7325', '05566 Huxley Circle');
insert into users (userId, firstName, lastName, email, phone, address) values (14, 'Bernarr', 'Egdale', 'begdaled@comsenz.com', '+46 (257) 435-9792', '4 Heffernan Park');
insert into users (userId, firstName, lastName, email, phone, address) values (15, 'Shurlocke', 'McCullock', 'smccullocke@aboutads.info', '+86 (568) 584-5582', '29 Morningstar Court');
insert into users (userId, firstName, lastName, email, phone, address) values (16, 'Nellie', 'Stockley', 'nstockleyf@ed.gov', '+856 (716) 828-0742', null);
insert into users (userId, firstName, lastName, email, phone, address) values (17, 'Roze', 'Levinge', 'rlevingeg@freewebs.com', '+1 (485) 182-1743', '68 American Crossing');
insert into users (userId, firstName, lastName, email, phone, address) values (18, 'Cynthie', 'Liversidge', 'cliversidgeh@blinklist.com', '+353 (215) 391-4993', '3686 Hudson Hill');
insert into users (userId, firstName, lastName, email, phone, address) values (19, 'Phedra', 'Haly', 'phalyi@reuters.com', '+254 (421) 415-0645', '037 Holmberg Alley');
insert into users (userId, firstName, lastName, email, phone, address) values (20, 'Philbert', 'Quarrie', 'pquarriej@people.com.cn', '+351 (483) 147-7667', '99 Gulseth Pass');

/**********************************************
***********************************************
=================== WORKERS ===================
***********************************************
**********************************************/
insert into workers (workerId, firstName, lastName, email, phone) values (1, 'Otes', 'Griston', 'ogriston0@opera.com', '+30 (989) 316-0676');
insert into workers (workerId, firstName, lastName, email, phone) values (2, 'Elena', 'Danforth', 'edanforth1@time.com', '+86 (352) 228-7110');
insert into workers (workerId, firstName, lastName, email, phone) values (3, 'Julee', 'Blunkett', 'jblunkett2@irs.gov', '+46 (218) 498-8793');
insert into workers (workerId, firstName, lastName, email, phone) values (4, 'Luce', 'Elsegood', 'lelsegood3@livejournal.com', '+420 (708) 840-2674');
insert into workers (workerId, firstName, lastName, email, phone) values (5, 'Bevan', 'Bayless', 'bbayless4@list-manage.com', '+86 (205) 771-3307');
insert into workers (workerId, firstName, lastName, email, phone) values (6, 'Thibaut', 'Messingham', 'tmessingham5@marketwatch.com', '+33 (769) 725-8301');
insert into workers (workerId, firstName, lastName, email, phone) values (7, 'Dore', 'Lowin', 'dlowin6@tripod.com', '+235 (764) 187-0017');
insert into workers (workerId, firstName, lastName, email, phone) values (8, 'Cherianne', 'Clem', 'cclem7@sitemeter.com', '+7 (439) 206-4764');
insert into workers (workerId, firstName, lastName, email, phone) values (9, 'Nomi', 'Barlas', 'nbarlas8@irs.gov', '+54 (185) 452-8016');
insert into workers (workerId, firstName, lastName, email, phone) values (10, 'Ulrika', 'De Vile', 'udevile9@typepad.com', '+54 (602) 647-2990');
insert into workers (workerId, firstName, lastName, email, phone) values (11, 'Jayme', 'Swepstone', 'jswepstonea@nih.gov', '+48 (285) 927-3357');
insert into workers (workerId, firstName, lastName, email, phone) values (12, 'Burty', 'Handsheart', 'bhandsheartb@rakuten.co.jp', '+355 (397) 214-3950');
insert into workers (workerId, firstName, lastName, email, phone) values (13, 'Ely', 'Tointon', 'etointonc@imgur.com', '+51 (950) 299-1255');
insert into workers (workerId, firstName, lastName, email, phone) values (14, 'Jacinta', 'Glyssanne', 'jglyssanned@friendfeed.com', '+86 (167) 596-4978');
insert into workers (workerId, firstName, lastName, email, phone) values (15, 'Zelda', 'Griswaite', 'zgriswaitee@lycos.com', '+1 (701) 376-2408');
insert into workers (workerId, firstName, lastName, email, phone) values (16, 'Wilie', 'Gendrich', 'wgendrichf@disqus.com', '+7 (825) 501-0451');
insert into workers (workerId, firstName, lastName, email, phone) values (17, 'Earvin', 'Peever', 'epeeverg@weebly.com', '+49 (874) 265-1860');
insert into workers (workerId, firstName, lastName, email, phone) values (18, 'Sharron', 'Varndell', 'svarndellh@squarespace.com', '+60 (520) 963-8213');
insert into workers (workerId, firstName, lastName, email, phone) values (19, 'Darleen', 'Eickhoff', 'deickhoffi@google.nl', '+591 (441) 919-6564');
insert into workers (workerId, firstName, lastName, email, phone) values (20, 'Erhard', 'Domerc', 'edomercj@miitbeian.gov.cn', '+62 (764) 837-5339');

/**********************************************
***********************************************
=================== REFERRAL ==================
***********************************************
**********************************************/
insert into refers (referrerId, userId) values (10, 7);
insert into refers (referrerId, userId) values (18, 1);
insert into refers (referrerId, userId) values (19, 2);
insert into refers (referrerId, userId) values (20, 8);
insert into refers (referrerId, userId) values (14, 4);

/**********************************************
***********************************************
==================== ADMINS ===================
***********************************************
**********************************************/
insert into admins (adminId) values (1);
insert into admins (adminId) values (2);
insert into admins (adminId) values (3);
insert into admins (adminId) values (4);
insert into admins (adminId) values (5);

/**********************************************
***********************************************
================== CATEGORIES =================
***********************************************
**********************************************/
insert into categories (catId, name) values (1, 'General Repair');
insert into categories (catId, name) values (2, 'Electrical Repair');
insert into categories (catId, name) values (3, 'Cleaning');
insert into categories (catId, name) values (4, 'Other');

/**********************************************
***********************************************
=================== REGIONS ===================
***********************************************
**********************************************/
insert into cityregions (regionId, name) values (1, 'Bedok');
insert into cityregions (regionId, name) values (2, 'Kallang');
insert into cityregions (regionId, name) values (3, 'Bukit Merah');
insert into cityregions (regionId, name) values (4, 'Pasir Panjang');
insert into cityregions (regionId, name) values (5, 'Queenstown');

/**********************************************
***********************************************
================== SERVICES ===================
***********************************************
**********************************************/
insert into services (serviceId, name, price, workerId, catId, regionId) values (1, 'Full Cleaning', 15, 1, 2, 2);
insert into services (serviceId, name, price, workerId, catId, regionId) values (2, 'Electrical', 21, 18, 1, 5);
insert into services (serviceId, name, price, workerId, catId, regionId) values (3, 'Wall Painting', 16, 18, 3, 1);
insert into services (serviceId, name, price, workerId, catId, regionId) values (4, 'Electrical', 18, 5, 4, 4);
insert into services (serviceId, name, price, workerId, catId, regionId) values (5, 'Wall Painting', 16, 1, 1, 5);
insert into services (serviceId, name, price, workerId, catId, regionId) values (6, 'Full Cleaning', 14, 9, 4, 1);
insert into services (serviceId, name, price, workerId, catId, regionId) values (7, 'Car Wash', 22, 3, 1, 2);
insert into services (serviceId, name, price, workerId, catId, regionId) values (8, 'Pipe Repair', 10, 15, 2, 5);
insert into services (serviceId, name, price, workerId, catId, regionId) values (9, 'Pipe Repair', 11, 13, 1, 5);
insert into services (serviceId, name, price, workerId, catId, regionId) values (10, 'Car Wash', 13, 11, 3, 2);
insert into services (serviceId, name, price, workerId, catId, regionId) values (11, 'Electrical', 11, 14, 1, 5);
insert into services (serviceId, name, price, workerId, catId, regionId) values (12, 'Car Wash', 15, 20, 4, 2);
insert into services (serviceId, name, price, workerId, catId, regionId) values (13, 'Electrical', 23, 17, 1, 5);
insert into services (serviceId, name, price, workerId, catId, regionId) values (14, 'Full Cleaning', 6, 3, 2, 2);
insert into services (serviceId, name, price, workerId, catId, regionId) values (15, 'Full Cleaning', 17, 11, 1, 3);
insert into services (serviceId, name, price, workerId, catId, regionId) values (16, 'Pipe Repair', 15, 2, 2, 5);
insert into services (serviceId, name, price, workerId, catId, regionId) values (17, 'Wall Painting', 5, 8, 3, 4);
insert into services (serviceId, name, price, workerId, catId, regionId) values (18, 'Wall Painting', 17, 16, 4, 2);
insert into services (serviceId, name, price, workerId, catId, regionId) values (19, 'Pipe Repair', 18, 13, 4, 2);
insert into services (serviceId, name, price, workerId, catId, regionId) values (20, 'Full Cleaning', 15, 18, 4, 4);

/**********************************************
***********************************************
================== APPROVES ===================
***********************************************
**********************************************/
insert into approves (workerId, approved, adminId) values (1, true, 1);
insert into approves (workerId, approved, adminId) values (2, false, null);
insert into approves (workerId, approved, adminId) values (3, false, null);
insert into approves (workerId, approved, adminId) values (4, true, 1);
insert into approves (workerId, approved, adminId) values (5, true, 1);
insert into approves (workerId, approved, adminId) values (6, true, 1);
insert into approves (workerId, approved, adminId) values (7, true, 1);
insert into approves (workerId, approved, adminId) values (8, false, null);
insert into approves (workerId, approved, adminId) values (9, true, 1);
insert into approves (workerId, approved, adminId) values (10, true, 1);
insert into approves (workerId, approved, adminId) values (11, false, null);
insert into approves (workerId, approved, adminId) values (12, false, null);
insert into approves (workerId, approved, adminId) values (13, true, 1);
insert into approves (workerId, approved, adminId) values (14, true, 1);
insert into approves (workerId, approved, adminId) values (15, false, null);
insert into approves (workerId, approved, adminId) values (16, false, null);
insert into approves (workerId, approved, adminId) values (17, false, null);
insert into approves (workerId, approved, adminId) values (18, false, null);
insert into approves (workerId, approved, adminId) values (19, false, null);
insert into approves (workerId, approved, adminId) values (20, true, 1);